"satisfiedUsers";"t";"ressTappingMobile";"ressTappingSettled"
0;1;0.3;0.4
0;2;0.3;0.4
0;3;0.3;0.4
0;4;0.3;0.4
15;5;0.3;0.4
15;6;0.3;0.4
15;7;0.3;0.4
15;8;0.3;0.4
15;9;0.3;0.4
15;10;0.3;0.4
15;11;0.3;0.4
15;12;0.3;0.4
15;13;0.3;0.4
15;14;0.3;0.4
15;15;0.3;0.4
15;16;0.3;0.4
15;17;0.3;0.4
15;18;0.3;0.4
15;19;0.3;0.4
15;20;0.3;0.4
15;21;0.3;0.4
15;22;0.3;0.4
15;23;0.3;0.4
15;24;0.3;0.4
9;25;0.3;0.4
9;26;0.3;0.4
9;27;0.3;0.4
9;28;0.3;0.4
9;29;0.3;0.4
9;30;0.3;0.4
9;31;0.3;0.4
9;32;0.3;0.4
9;33;0.3;0.4
9;34;0.3;0.4
9;35;0.3;0.4
9;36;0.3;0.4
9;37;0.3;0.4
9;38;0.3;0.4
9;39;0.3;0.4
9;40;0.3;0.4
9;41;0.3;0.4
9;42;0.3;0.4
9;43;0.3;0.4
9;44;0.3;0.4
8;45;0.3;0.4
8;46;0.3;0.4
8;47;0.3;0.4
8;48;0.3;0.4
8;49;0.3;0.4
8;50;0.3;0.4
8;51;0.3;0.4
8;52;0.3;0.4
8;53;0.3;0.4
8;54;0.3;0.4
8;55;0.3;0.4
8;56;0.3;0.4
7;57;0.3;0.4
7;58;0.3;0.4
7;59;0.3;0.4
7;60;0.3;0.4
8;61;0.3;0.4
8;62;0.3;0.4
8;63;0.3;0.4
8;64;0.3;0.4
7;65;0.3;0.4
7;66;0.3;0.4
7;67;0.3;0.4
7;68;0.3;0.4
7;69;0.3;0.4
7;70;0.3;0.4
7;71;0.3;0.4
7;72;0.3;0.4
7;73;0.3;0.4
7;74;0.3;0.4
7;75;0.3;0.4
7;76;0.3;0.4
6;77;0.3;0.4
6;78;0.3;0.4
6;79;0.3;0.4
6;80;0.3;0.4
5;81;0.3;0.4
5;82;0.3;0.4
5;83;0.3;0.4
5;84;0.3;0.4
5;85;0.3;0.4
5;86;0.3;0.4
5;87;0.3;0.4
5;88;0.3;0.4
5;89;0.3;0.4
5;90;0.3;0.4
5;91;0.3;0.4
5;92;0.3;0.4
5;93;0.3;0.4
5;94;0.3;0.4
5;95;0.3;0.4
5;96;0.3;0.4
5;97;0.3;0.4
5;98;0.3;0.4
5;99;0.3;0.4
5;100;0.3;0.4
5;101;0.3;0.4
5;102;0.3;0.4
5;103;0.3;0.4
5;104;0.3;0.4
5;105;0.3;0.4
5;106;0.3;0.4
5;107;0.3;0.4
5;108;0.3;0.4
5;109;0.3;0.4
5;110;0.3;0.4
5;111;0.3;0.4
5;112;0.3;0.4
5;113;0.3;0.4
5;114;0.3;0.4
5;115;0.3;0.4
5;116;0.3;0.4
5;117;0.3;0.4
5;118;0.3;0.4
5;119;0.3;0.4
5;120;0.3;0.4
5;121;0.3;0.4
5;122;0.3;0.4
5;123;0.3;0.4
5;124;0.3;0.4
5;125;0.3;0.4
5;126;0.3;0.4
5;127;0.3;0.4
5;128;0.3;0.4
5;129;0.3;0.4
5;130;0.3;0.4
5;131;0.3;0.4
5;132;0.3;0.4
5;133;0.3;0.4
5;134;0.3;0.4
5;135;0.3;0.4
5;136;0.3;0.4
5;137;0.3;0.4
5;138;0.3;0.4
5;139;0.3;0.4
5;140;0.3;0.4
5;141;0.3;0.4
5;142;0.3;0.4
5;143;0.3;0.4
5;144;0.3;0.4
5;145;0.3;0.4
5;146;0.3;0.4
5;147;0.3;0.4
5;148;0.3;0.4
5;149;0.3;0.4
5;150;0.3;0.4
5;151;0.3;0.4
5;152;0.3;0.4
5;153;0.3;0.4
5;154;0.3;0.4
5;155;0.3;0.4
5;156;0.3;0.4
5;157;0.3;0.4
5;158;0.3;0.4
5;159;0.3;0.4
5;160;0.3;0.4
5;161;0.3;0.4
5;162;0.3;0.4
5;163;0.3;0.4
5;164;0.3;0.4
5;165;0.3;0.4
5;166;0.3;0.4
5;167;0.3;0.4
5;168;0.3;0.4
5;169;0.3;0.4
5;170;0.3;0.4
5;171;0.3;0.4
5;172;0.3;0.4
5;173;0.3;0.4
5;174;0.3;0.4
5;175;0.3;0.4
5;176;0.3;0.4
5;177;0.3;0.4
5;178;0.3;0.4
5;179;0.3;0.4
5;180;0.3;0.4
5;181;0.3;0.4
5;182;0.3;0.4
5;183;0.3;0.4
5;184;0.3;0.4
5;185;0.3;0.4
5;186;0.3;0.4
5;187;0.3;0.4
5;188;0.3;0.4
5;189;0.3;0.4
5;190;0.3;0.4
5;191;0.3;0.4
5;192;0.3;0.4
5;193;0.3;0.4
5;194;0.3;0.4
5;195;0.3;0.4
5;196;0.3;0.4
5;197;0.3;0.4
5;198;0.3;0.4
5;199;0.3;0.4
5;200;0.3;0.4
5;201;0.3;0.4
0;1;0.3;0.45
0;2;0.3;0.45
0;3;0.3;0.45
0;4;0.3;0.45
15;5;0.3;0.45
15;6;0.3;0.45
15;7;0.3;0.45
15;8;0.3;0.45
15;9;0.3;0.45
15;10;0.3;0.45
15;11;0.3;0.45
15;12;0.3;0.45
15;13;0.3;0.45
15;14;0.3;0.45
15;15;0.3;0.45
15;16;0.3;0.45
13;17;0.3;0.45
13;18;0.3;0.45
13;19;0.3;0.45
13;20;0.3;0.45
9;21;0.3;0.45
9;22;0.3;0.45
9;23;0.3;0.45
9;24;0.3;0.45
13;25;0.3;0.45
13;26;0.3;0.45
13;27;0.3;0.45
13;28;0.3;0.45
8;29;0.3;0.45
8;30;0.3;0.45
8;31;0.3;0.45
8;32;0.3;0.45
12;33;0.3;0.45
12;34;0.3;0.45
12;35;0.3;0.45
12;36;0.3;0.45
10;37;0.3;0.45
10;38;0.3;0.45
10;39;0.3;0.45
10;40;0.3;0.45
7;41;0.3;0.45
7;42;0.3;0.45
7;43;0.3;0.45
7;44;0.3;0.45
4;45;0.3;0.45
4;46;0.3;0.45
4;47;0.3;0.45
4;48;0.3;0.45
4;49;0.3;0.45
4;50;0.3;0.45
4;51;0.3;0.45
4;52;0.3;0.45
4;53;0.3;0.45
4;54;0.3;0.45
4;55;0.3;0.45
4;56;0.3;0.45
4;57;0.3;0.45
4;58;0.3;0.45
4;59;0.3;0.45
4;60;0.3;0.45
4;61;0.3;0.45
4;62;0.3;0.45
4;63;0.3;0.45
4;64;0.3;0.45
4;65;0.3;0.45
4;66;0.3;0.45
4;67;0.3;0.45
4;68;0.3;0.45
4;69;0.3;0.45
4;70;0.3;0.45
4;71;0.3;0.45
4;72;0.3;0.45
4;73;0.3;0.45
4;74;0.3;0.45
4;75;0.3;0.45
4;76;0.3;0.45
4;77;0.3;0.45
4;78;0.3;0.45
4;79;0.3;0.45
4;80;0.3;0.45
4;81;0.3;0.45
4;82;0.3;0.45
4;83;0.3;0.45
4;84;0.3;0.45
4;85;0.3;0.45
4;86;0.3;0.45
4;87;0.3;0.45
4;88;0.3;0.45
4;89;0.3;0.45
4;90;0.3;0.45
4;91;0.3;0.45
4;92;0.3;0.45
4;93;0.3;0.45
4;94;0.3;0.45
4;95;0.3;0.45
4;96;0.3;0.45
4;97;0.3;0.45
4;98;0.3;0.45
4;99;0.3;0.45
4;100;0.3;0.45
4;101;0.3;0.45
4;102;0.3;0.45
4;103;0.3;0.45
4;104;0.3;0.45
4;105;0.3;0.45
4;106;0.3;0.45
4;107;0.3;0.45
4;108;0.3;0.45
4;109;0.3;0.45
4;110;0.3;0.45
4;111;0.3;0.45
4;112;0.3;0.45
3;113;0.3;0.45
3;114;0.3;0.45
3;115;0.3;0.45
3;116;0.3;0.45
3;117;0.3;0.45
3;118;0.3;0.45
3;119;0.3;0.45
3;120;0.3;0.45
3;121;0.3;0.45
3;122;0.3;0.45
3;123;0.3;0.45
3;124;0.3;0.45
3;125;0.3;0.45
3;126;0.3;0.45
3;127;0.3;0.45
3;128;0.3;0.45
4;129;0.3;0.45
4;130;0.3;0.45
4;131;0.3;0.45
4;132;0.3;0.45
3;133;0.3;0.45
3;134;0.3;0.45
3;135;0.3;0.45
3;136;0.3;0.45
3;137;0.3;0.45
3;138;0.3;0.45
3;139;0.3;0.45
3;140;0.3;0.45
3;141;0.3;0.45
3;142;0.3;0.45
3;143;0.3;0.45
3;144;0.3;0.45
4;145;0.3;0.45
4;146;0.3;0.45
4;147;0.3;0.45
4;148;0.3;0.45
4;149;0.3;0.45
4;150;0.3;0.45
4;151;0.3;0.45
4;152;0.3;0.45
3;153;0.3;0.45
3;154;0.3;0.45
3;155;0.3;0.45
3;156;0.3;0.45
2;157;0.3;0.45
2;158;0.3;0.45
2;159;0.3;0.45
2;160;0.3;0.45
2;161;0.3;0.45
2;162;0.3;0.45
2;163;0.3;0.45
2;164;0.3;0.45
3;165;0.3;0.45
3;166;0.3;0.45
3;167;0.3;0.45
3;168;0.3;0.45
3;169;0.3;0.45
3;170;0.3;0.45
3;171;0.3;0.45
3;172;0.3;0.45
2;173;0.3;0.45
2;174;0.3;0.45
2;175;0.3;0.45
2;176;0.3;0.45
2;177;0.3;0.45
2;178;0.3;0.45
2;179;0.3;0.45
2;180;0.3;0.45
2;181;0.3;0.45
2;182;0.3;0.45
2;183;0.3;0.45
2;184;0.3;0.45
2;185;0.3;0.45
2;186;0.3;0.45
2;187;0.3;0.45
2;188;0.3;0.45
2;189;0.3;0.45
2;190;0.3;0.45
2;191;0.3;0.45
2;192;0.3;0.45
2;193;0.3;0.45
2;194;0.3;0.45
2;195;0.3;0.45
2;196;0.3;0.45
2;197;0.3;0.45
2;198;0.3;0.45
2;199;0.3;0.45
2;200;0.3;0.45
2;201;0.3;0.45
0;1;0.3;0.5
0;2;0.3;0.5
0;3;0.3;0.5
0;4;0.3;0.5
15;5;0.3;0.5
15;6;0.3;0.5
15;7;0.3;0.5
15;8;0.3;0.5
15;9;0.3;0.5
15;10;0.3;0.5
15;11;0.3;0.5
15;12;0.3;0.5
15;13;0.3;0.5
15;14;0.3;0.5
15;15;0.3;0.5
15;16;0.3;0.5
15;17;0.3;0.5
15;18;0.3;0.5
15;19;0.3;0.5
15;20;0.3;0.5
15;21;0.3;0.5
15;22;0.3;0.5
15;23;0.3;0.5
15;24;0.3;0.5
6;25;0.3;0.5
6;26;0.3;0.5
6;27;0.3;0.5
6;28;0.3;0.5
6;29;0.3;0.5
6;30;0.3;0.5
6;31;0.3;0.5
6;32;0.3;0.5
6;33;0.3;0.5
6;34;0.3;0.5
6;35;0.3;0.5
6;36;0.3;0.5
6;37;0.3;0.5
6;38;0.3;0.5
6;39;0.3;0.5
6;40;0.3;0.5
6;41;0.3;0.5
6;42;0.3;0.5
6;43;0.3;0.5
6;44;0.3;0.5
6;45;0.3;0.5
6;46;0.3;0.5
6;47;0.3;0.5
6;48;0.3;0.5
6;49;0.3;0.5
6;50;0.3;0.5
6;51;0.3;0.5
6;52;0.3;0.5
6;53;0.3;0.5
6;54;0.3;0.5
6;55;0.3;0.5
6;56;0.3;0.5
6;57;0.3;0.5
6;58;0.3;0.5
6;59;0.3;0.5
6;60;0.3;0.5
6;61;0.3;0.5
6;62;0.3;0.5
6;63;0.3;0.5
6;64;0.3;0.5
6;65;0.3;0.5
6;66;0.3;0.5
6;67;0.3;0.5
6;68;0.3;0.5
6;69;0.3;0.5
6;70;0.3;0.5
6;71;0.3;0.5
6;72;0.3;0.5
6;73;0.3;0.5
6;74;0.3;0.5
6;75;0.3;0.5
6;76;0.3;0.5
6;77;0.3;0.5
6;78;0.3;0.5
6;79;0.3;0.5
6;80;0.3;0.5
6;81;0.3;0.5
6;82;0.3;0.5
6;83;0.3;0.5
6;84;0.3;0.5
6;85;0.3;0.5
6;86;0.3;0.5
6;87;0.3;0.5
6;88;0.3;0.5
6;89;0.3;0.5
6;90;0.3;0.5
6;91;0.3;0.5
6;92;0.3;0.5
6;93;0.3;0.5
6;94;0.3;0.5
6;95;0.3;0.5
6;96;0.3;0.5
6;97;0.3;0.5
6;98;0.3;0.5
6;99;0.3;0.5
6;100;0.3;0.5
6;101;0.3;0.5
6;102;0.3;0.5
6;103;0.3;0.5
6;104;0.3;0.5
6;105;0.3;0.5
6;106;0.3;0.5
6;107;0.3;0.5
6;108;0.3;0.5
6;109;0.3;0.5
6;110;0.3;0.5
6;111;0.3;0.5
6;112;0.3;0.5
6;113;0.3;0.5
6;114;0.3;0.5
6;115;0.3;0.5
6;116;0.3;0.5
5;117;0.3;0.5
5;118;0.3;0.5
5;119;0.3;0.5
5;120;0.3;0.5
5;121;0.3;0.5
5;122;0.3;0.5
5;123;0.3;0.5
5;124;0.3;0.5
5;125;0.3;0.5
5;126;0.3;0.5
5;127;0.3;0.5
5;128;0.3;0.5
5;129;0.3;0.5
5;130;0.3;0.5
5;131;0.3;0.5
5;132;0.3;0.5
5;133;0.3;0.5
5;134;0.3;0.5
5;135;0.3;0.5
5;136;0.3;0.5
5;137;0.3;0.5
5;138;0.3;0.5
5;139;0.3;0.5
5;140;0.3;0.5
5;141;0.3;0.5
5;142;0.3;0.5
5;143;0.3;0.5
5;144;0.3;0.5
5;145;0.3;0.5
5;146;0.3;0.5
5;147;0.3;0.5
5;148;0.3;0.5
5;149;0.3;0.5
5;150;0.3;0.5
5;151;0.3;0.5
5;152;0.3;0.5
5;153;0.3;0.5
5;154;0.3;0.5
5;155;0.3;0.5
5;156;0.3;0.5
5;157;0.3;0.5
5;158;0.3;0.5
5;159;0.3;0.5
5;160;0.3;0.5
5;161;0.3;0.5
5;162;0.3;0.5
5;163;0.3;0.5
5;164;0.3;0.5
5;165;0.3;0.5
5;166;0.3;0.5
5;167;0.3;0.5
5;168;0.3;0.5
5;169;0.3;0.5
5;170;0.3;0.5
5;171;0.3;0.5
5;172;0.3;0.5
5;173;0.3;0.5
5;174;0.3;0.5
5;175;0.3;0.5
5;176;0.3;0.5
5;177;0.3;0.5
5;178;0.3;0.5
5;179;0.3;0.5
5;180;0.3;0.5
5;181;0.3;0.5
5;182;0.3;0.5
5;183;0.3;0.5
5;184;0.3;0.5
5;185;0.3;0.5
5;186;0.3;0.5
5;187;0.3;0.5
5;188;0.3;0.5
5;189;0.3;0.5
5;190;0.3;0.5
5;191;0.3;0.5
5;192;0.3;0.5
5;193;0.3;0.5
5;194;0.3;0.5
5;195;0.3;0.5
5;196;0.3;0.5
5;197;0.3;0.5
5;198;0.3;0.5
5;199;0.3;0.5
5;200;0.3;0.5
5;201;0.3;0.5
0;1;0.3;0.55
0;2;0.3;0.55
0;3;0.3;0.55
0;4;0.3;0.55
15;5;0.3;0.55
15;6;0.3;0.55
15;7;0.3;0.55
15;8;0.3;0.55
15;9;0.3;0.55
15;10;0.3;0.55
15;11;0.3;0.55
15;12;0.3;0.55
15;13;0.3;0.55
15;14;0.3;0.55
15;15;0.3;0.55
15;16;0.3;0.55
15;17;0.3;0.55
15;18;0.3;0.55
15;19;0.3;0.55
15;20;0.3;0.55
9;21;0.3;0.55
9;22;0.3;0.55
9;23;0.3;0.55
9;24;0.3;0.55
9;25;0.3;0.55
9;26;0.3;0.55
9;27;0.3;0.55
9;28;0.3;0.55
9;29;0.3;0.55
9;30;0.3;0.55
9;31;0.3;0.55
9;32;0.3;0.55
9;33;0.3;0.55
9;34;0.3;0.55
9;35;0.3;0.55
9;36;0.3;0.55
9;37;0.3;0.55
9;38;0.3;0.55
9;39;0.3;0.55
9;40;0.3;0.55
9;41;0.3;0.55
9;42;0.3;0.55
9;43;0.3;0.55
9;44;0.3;0.55
9;45;0.3;0.55
9;46;0.3;0.55
9;47;0.3;0.55
9;48;0.3;0.55
9;49;0.3;0.55
9;50;0.3;0.55
9;51;0.3;0.55
9;52;0.3;0.55
9;53;0.3;0.55
9;54;0.3;0.55
9;55;0.3;0.55
9;56;0.3;0.55
9;57;0.3;0.55
9;58;0.3;0.55
9;59;0.3;0.55
9;60;0.3;0.55
9;61;0.3;0.55
9;62;0.3;0.55
9;63;0.3;0.55
9;64;0.3;0.55
7;65;0.3;0.55
7;66;0.3;0.55
7;67;0.3;0.55
7;68;0.3;0.55
8;69;0.3;0.55
8;70;0.3;0.55
8;71;0.3;0.55
8;72;0.3;0.55
7;73;0.3;0.55
7;74;0.3;0.55
7;75;0.3;0.55
7;76;0.3;0.55
7;77;0.3;0.55
7;78;0.3;0.55
7;79;0.3;0.55
7;80;0.3;0.55
7;81;0.3;0.55
7;82;0.3;0.55
7;83;0.3;0.55
7;84;0.3;0.55
8;85;0.3;0.55
8;86;0.3;0.55
8;87;0.3;0.55
8;88;0.3;0.55
7;89;0.3;0.55
7;90;0.3;0.55
7;91;0.3;0.55
7;92;0.3;0.55
7;93;0.3;0.55
7;94;0.3;0.55
7;95;0.3;0.55
7;96;0.3;0.55
5;97;0.3;0.55
5;98;0.3;0.55
5;99;0.3;0.55
5;100;0.3;0.55
4;101;0.3;0.55
4;102;0.3;0.55
4;103;0.3;0.55
4;104;0.3;0.55
4;105;0.3;0.55
4;106;0.3;0.55
4;107;0.3;0.55
4;108;0.3;0.55
4;109;0.3;0.55
4;110;0.3;0.55
4;111;0.3;0.55
4;112;0.3;0.55
4;113;0.3;0.55
4;114;0.3;0.55
4;115;0.3;0.55
4;116;0.3;0.55
3;117;0.3;0.55
3;118;0.3;0.55
3;119;0.3;0.55
3;120;0.3;0.55
3;121;0.3;0.55
3;122;0.3;0.55
3;123;0.3;0.55
3;124;0.3;0.55
3;125;0.3;0.55
3;126;0.3;0.55
3;127;0.3;0.55
3;128;0.3;0.55
3;129;0.3;0.55
3;130;0.3;0.55
3;131;0.3;0.55
3;132;0.3;0.55
3;133;0.3;0.55
3;134;0.3;0.55
3;135;0.3;0.55
3;136;0.3;0.55
3;137;0.3;0.55
3;138;0.3;0.55
3;139;0.3;0.55
3;140;0.3;0.55
3;141;0.3;0.55
3;142;0.3;0.55
3;143;0.3;0.55
3;144;0.3;0.55
3;145;0.3;0.55
3;146;0.3;0.55
3;147;0.3;0.55
3;148;0.3;0.55
3;149;0.3;0.55
3;150;0.3;0.55
3;151;0.3;0.55
3;152;0.3;0.55
3;153;0.3;0.55
3;154;0.3;0.55
3;155;0.3;0.55
3;156;0.3;0.55
3;157;0.3;0.55
3;158;0.3;0.55
3;159;0.3;0.55
3;160;0.3;0.55
3;161;0.3;0.55
3;162;0.3;0.55
3;163;0.3;0.55
3;164;0.3;0.55
3;165;0.3;0.55
3;166;0.3;0.55
3;167;0.3;0.55
3;168;0.3;0.55
3;169;0.3;0.55
3;170;0.3;0.55
3;171;0.3;0.55
3;172;0.3;0.55
3;173;0.3;0.55
3;174;0.3;0.55
3;175;0.3;0.55
3;176;0.3;0.55
3;177;0.3;0.55
3;178;0.3;0.55
3;179;0.3;0.55
3;180;0.3;0.55
3;181;0.3;0.55
3;182;0.3;0.55
3;183;0.3;0.55
3;184;0.3;0.55
3;185;0.3;0.55
3;186;0.3;0.55
3;187;0.3;0.55
3;188;0.3;0.55
3;189;0.3;0.55
3;190;0.3;0.55
3;191;0.3;0.55
3;192;0.3;0.55
3;193;0.3;0.55
3;194;0.3;0.55
3;195;0.3;0.55
3;196;0.3;0.55
3;197;0.3;0.55
3;198;0.3;0.55
3;199;0.3;0.55
3;200;0.3;0.55
3;201;0.3;0.55
0;1;0.3;0.6
0;2;0.3;0.6
0;3;0.3;0.6
0;4;0.3;0.6
15;5;0.3;0.6
15;6;0.3;0.6
15;7;0.3;0.6
15;8;0.3;0.6
15;9;0.3;0.6
15;10;0.3;0.6
15;11;0.3;0.6
15;12;0.3;0.6
15;13;0.3;0.6
15;14;0.3;0.6
15;15;0.3;0.6
15;16;0.3;0.6
15;17;0.3;0.6
15;18;0.3;0.6
15;19;0.3;0.6
15;20;0.3;0.6
11;21;0.3;0.6
11;22;0.3;0.6
11;23;0.3;0.6
11;24;0.3;0.6
15;25;0.3;0.6
15;26;0.3;0.6
15;27;0.3;0.6
15;28;0.3;0.6
4;29;0.3;0.6
4;30;0.3;0.6
4;31;0.3;0.6
4;32;0.3;0.6
3;33;0.3;0.6
3;34;0.3;0.6
3;35;0.3;0.6
3;36;0.3;0.6
3;37;0.3;0.6
3;38;0.3;0.6
3;39;0.3;0.6
3;40;0.3;0.6
4;41;0.3;0.6
4;42;0.3;0.6
4;43;0.3;0.6
4;44;0.3;0.6
3;45;0.3;0.6
3;46;0.3;0.6
3;47;0.3;0.6
3;48;0.3;0.6
5;49;0.3;0.6
5;50;0.3;0.6
5;51;0.3;0.6
5;52;0.3;0.6
4;53;0.3;0.6
4;54;0.3;0.6
4;55;0.3;0.6
4;56;0.3;0.6
2;57;0.3;0.6
2;58;0.3;0.6
2;59;0.3;0.6
2;60;0.3;0.6
2;61;0.3;0.6
2;62;0.3;0.6
2;63;0.3;0.6
2;64;0.3;0.6
2;65;0.3;0.6
2;66;0.3;0.6
2;67;0.3;0.6
2;68;0.3;0.6
2;69;0.3;0.6
2;70;0.3;0.6
2;71;0.3;0.6
2;72;0.3;0.6
2;73;0.3;0.6
2;74;0.3;0.6
2;75;0.3;0.6
2;76;0.3;0.6
2;77;0.3;0.6
2;78;0.3;0.6
2;79;0.3;0.6
2;80;0.3;0.6
2;81;0.3;0.6
2;82;0.3;0.6
2;83;0.3;0.6
2;84;0.3;0.6
2;85;0.3;0.6
2;86;0.3;0.6
2;87;0.3;0.6
2;88;0.3;0.6
2;89;0.3;0.6
2;90;0.3;0.6
2;91;0.3;0.6
2;92;0.3;0.6
2;93;0.3;0.6
2;94;0.3;0.6
2;95;0.3;0.6
2;96;0.3;0.6
2;97;0.3;0.6
2;98;0.3;0.6
2;99;0.3;0.6
2;100;0.3;0.6
2;101;0.3;0.6
2;102;0.3;0.6
2;103;0.3;0.6
2;104;0.3;0.6
2;105;0.3;0.6
2;106;0.3;0.6
2;107;0.3;0.6
2;108;0.3;0.6
2;109;0.3;0.6
2;110;0.3;0.6
2;111;0.3;0.6
2;112;0.3;0.6
2;113;0.3;0.6
2;114;0.3;0.6
2;115;0.3;0.6
2;116;0.3;0.6
2;117;0.3;0.6
2;118;0.3;0.6
2;119;0.3;0.6
2;120;0.3;0.6
2;121;0.3;0.6
2;122;0.3;0.6
2;123;0.3;0.6
2;124;0.3;0.6
2;125;0.3;0.6
2;126;0.3;0.6
2;127;0.3;0.6
2;128;0.3;0.6
2;129;0.3;0.6
2;130;0.3;0.6
2;131;0.3;0.6
2;132;0.3;0.6
2;133;0.3;0.6
2;134;0.3;0.6
2;135;0.3;0.6
2;136;0.3;0.6
2;137;0.3;0.6
2;138;0.3;0.6
2;139;0.3;0.6
2;140;0.3;0.6
2;141;0.3;0.6
2;142;0.3;0.6
2;143;0.3;0.6
2;144;0.3;0.6
2;145;0.3;0.6
2;146;0.3;0.6
2;147;0.3;0.6
2;148;0.3;0.6
2;149;0.3;0.6
2;150;0.3;0.6
2;151;0.3;0.6
2;152;0.3;0.6
2;153;0.3;0.6
2;154;0.3;0.6
2;155;0.3;0.6
2;156;0.3;0.6
2;157;0.3;0.6
2;158;0.3;0.6
2;159;0.3;0.6
2;160;0.3;0.6
2;161;0.3;0.6
2;162;0.3;0.6
2;163;0.3;0.6
2;164;0.3;0.6
2;165;0.3;0.6
2;166;0.3;0.6
2;167;0.3;0.6
2;168;0.3;0.6
2;169;0.3;0.6
2;170;0.3;0.6
2;171;0.3;0.6
2;172;0.3;0.6
2;173;0.3;0.6
2;174;0.3;0.6
2;175;0.3;0.6
2;176;0.3;0.6
2;177;0.3;0.6
2;178;0.3;0.6
2;179;0.3;0.6
2;180;0.3;0.6
2;181;0.3;0.6
2;182;0.3;0.6
2;183;0.3;0.6
2;184;0.3;0.6
2;185;0.3;0.6
2;186;0.3;0.6
2;187;0.3;0.6
2;188;0.3;0.6
2;189;0.3;0.6
2;190;0.3;0.6
2;191;0.3;0.6
2;192;0.3;0.6
2;193;0.3;0.6
2;194;0.3;0.6
2;195;0.3;0.6
2;196;0.3;0.6
2;197;0.3;0.6
2;198;0.3;0.6
2;199;0.3;0.6
2;200;0.3;0.6
2;201;0.3;0.6
0;1;0.35;0.4
0;2;0.35;0.4
0;3;0.35;0.4
0;4;0.35;0.4
15;5;0.35;0.4
15;6;0.35;0.4
15;7;0.35;0.4
15;8;0.35;0.4
15;9;0.35;0.4
15;10;0.35;0.4
15;11;0.35;0.4
15;12;0.35;0.4
15;13;0.35;0.4
15;14;0.35;0.4
15;15;0.35;0.4
15;16;0.35;0.4
15;17;0.35;0.4
15;18;0.35;0.4
15;19;0.35;0.4
15;20;0.35;0.4
15;21;0.35;0.4
15;22;0.35;0.4
15;23;0.35;0.4
15;24;0.35;0.4
15;25;0.35;0.4
15;26;0.35;0.4
15;27;0.35;0.4
15;28;0.35;0.4
15;29;0.35;0.4
15;30;0.35;0.4
15;31;0.35;0.4
15;32;0.35;0.4
13;33;0.35;0.4
13;34;0.35;0.4
13;35;0.35;0.4
13;36;0.35;0.4
11;37;0.35;0.4
11;38;0.35;0.4
11;39;0.35;0.4
11;40;0.35;0.4
10;41;0.35;0.4
10;42;0.35;0.4
10;43;0.35;0.4
10;44;0.35;0.4
9;45;0.35;0.4
9;46;0.35;0.4
9;47;0.35;0.4
9;48;0.35;0.4
7;49;0.35;0.4
7;50;0.35;0.4
7;51;0.35;0.4
7;52;0.35;0.4
5;53;0.35;0.4
5;54;0.35;0.4
5;55;0.35;0.4
5;56;0.35;0.4
6;57;0.35;0.4
6;58;0.35;0.4
6;59;0.35;0.4
6;60;0.35;0.4
5;61;0.35;0.4
5;62;0.35;0.4
5;63;0.35;0.4
5;64;0.35;0.4
5;65;0.35;0.4
5;66;0.35;0.4
5;67;0.35;0.4
5;68;0.35;0.4
6;69;0.35;0.4
6;70;0.35;0.4
6;71;0.35;0.4
6;72;0.35;0.4
4;73;0.35;0.4
4;74;0.35;0.4
4;75;0.35;0.4
4;76;0.35;0.4
4;77;0.35;0.4
4;78;0.35;0.4
4;79;0.35;0.4
4;80;0.35;0.4
3;81;0.35;0.4
3;82;0.35;0.4
3;83;0.35;0.4
3;84;0.35;0.4
3;85;0.35;0.4
3;86;0.35;0.4
3;87;0.35;0.4
3;88;0.35;0.4
3;89;0.35;0.4
3;90;0.35;0.4
3;91;0.35;0.4
3;92;0.35;0.4
3;93;0.35;0.4
3;94;0.35;0.4
3;95;0.35;0.4
3;96;0.35;0.4
3;97;0.35;0.4
3;98;0.35;0.4
3;99;0.35;0.4
3;100;0.35;0.4
3;101;0.35;0.4
3;102;0.35;0.4
3;103;0.35;0.4
3;104;0.35;0.4
3;105;0.35;0.4
3;106;0.35;0.4
3;107;0.35;0.4
3;108;0.35;0.4
3;109;0.35;0.4
3;110;0.35;0.4
3;111;0.35;0.4
3;112;0.35;0.4
3;113;0.35;0.4
3;114;0.35;0.4
3;115;0.35;0.4
3;116;0.35;0.4
3;117;0.35;0.4
3;118;0.35;0.4
3;119;0.35;0.4
3;120;0.35;0.4
3;121;0.35;0.4
3;122;0.35;0.4
3;123;0.35;0.4
3;124;0.35;0.4
3;125;0.35;0.4
3;126;0.35;0.4
3;127;0.35;0.4
3;128;0.35;0.4
3;129;0.35;0.4
3;130;0.35;0.4
3;131;0.35;0.4
3;132;0.35;0.4
3;133;0.35;0.4
3;134;0.35;0.4
3;135;0.35;0.4
3;136;0.35;0.4
3;137;0.35;0.4
3;138;0.35;0.4
3;139;0.35;0.4
3;140;0.35;0.4
3;141;0.35;0.4
3;142;0.35;0.4
3;143;0.35;0.4
3;144;0.35;0.4
3;145;0.35;0.4
3;146;0.35;0.4
3;147;0.35;0.4
3;148;0.35;0.4
3;149;0.35;0.4
3;150;0.35;0.4
3;151;0.35;0.4
3;152;0.35;0.4
3;153;0.35;0.4
3;154;0.35;0.4
3;155;0.35;0.4
3;156;0.35;0.4
3;157;0.35;0.4
3;158;0.35;0.4
3;159;0.35;0.4
3;160;0.35;0.4
3;161;0.35;0.4
3;162;0.35;0.4
3;163;0.35;0.4
3;164;0.35;0.4
3;165;0.35;0.4
3;166;0.35;0.4
3;167;0.35;0.4
3;168;0.35;0.4
3;169;0.35;0.4
3;170;0.35;0.4
3;171;0.35;0.4
3;172;0.35;0.4
3;173;0.35;0.4
3;174;0.35;0.4
3;175;0.35;0.4
3;176;0.35;0.4
3;177;0.35;0.4
3;178;0.35;0.4
3;179;0.35;0.4
3;180;0.35;0.4
3;181;0.35;0.4
3;182;0.35;0.4
3;183;0.35;0.4
3;184;0.35;0.4
3;185;0.35;0.4
3;186;0.35;0.4
3;187;0.35;0.4
3;188;0.35;0.4
3;189;0.35;0.4
3;190;0.35;0.4
3;191;0.35;0.4
3;192;0.35;0.4
3;193;0.35;0.4
3;194;0.35;0.4
3;195;0.35;0.4
3;196;0.35;0.4
3;197;0.35;0.4
3;198;0.35;0.4
3;199;0.35;0.4
3;200;0.35;0.4
3;201;0.35;0.4
0;1;0.35;0.45
0;2;0.35;0.45
0;3;0.35;0.45
0;4;0.35;0.45
15;5;0.35;0.45
15;6;0.35;0.45
15;7;0.35;0.45
15;8;0.35;0.45
15;9;0.35;0.45
15;10;0.35;0.45
15;11;0.35;0.45
15;12;0.35;0.45
15;13;0.35;0.45
15;14;0.35;0.45
15;15;0.35;0.45
15;16;0.35;0.45
15;17;0.35;0.45
15;18;0.35;0.45
15;19;0.35;0.45
15;20;0.35;0.45
12;21;0.35;0.45
12;22;0.35;0.45
12;23;0.35;0.45
12;24;0.35;0.45
4;25;0.35;0.45
4;26;0.35;0.45
4;27;0.35;0.45
4;28;0.35;0.45
4;29;0.35;0.45
4;30;0.35;0.45
4;31;0.35;0.45
4;32;0.35;0.45
4;33;0.35;0.45
4;34;0.35;0.45
4;35;0.35;0.45
4;36;0.35;0.45
4;37;0.35;0.45
4;38;0.35;0.45
4;39;0.35;0.45
4;40;0.35;0.45
4;41;0.35;0.45
4;42;0.35;0.45
4;43;0.35;0.45
4;44;0.35;0.45
4;45;0.35;0.45
4;46;0.35;0.45
4;47;0.35;0.45
4;48;0.35;0.45
2;49;0.35;0.45
2;50;0.35;0.45
2;51;0.35;0.45
2;52;0.35;0.45
3;53;0.35;0.45
3;54;0.35;0.45
3;55;0.35;0.45
3;56;0.35;0.45
3;57;0.35;0.45
3;58;0.35;0.45
3;59;0.35;0.45
3;60;0.35;0.45
2;61;0.35;0.45
2;62;0.35;0.45
2;63;0.35;0.45
2;64;0.35;0.45
2;65;0.35;0.45
2;66;0.35;0.45
2;67;0.35;0.45
2;68;0.35;0.45
2;69;0.35;0.45
2;70;0.35;0.45
2;71;0.35;0.45
2;72;0.35;0.45
2;73;0.35;0.45
2;74;0.35;0.45
2;75;0.35;0.45
2;76;0.35;0.45
2;77;0.35;0.45
2;78;0.35;0.45
2;79;0.35;0.45
2;80;0.35;0.45
2;81;0.35;0.45
2;82;0.35;0.45
2;83;0.35;0.45
2;84;0.35;0.45
2;85;0.35;0.45
2;86;0.35;0.45
2;87;0.35;0.45
2;88;0.35;0.45
2;89;0.35;0.45
2;90;0.35;0.45
2;91;0.35;0.45
2;92;0.35;0.45
2;93;0.35;0.45
2;94;0.35;0.45
2;95;0.35;0.45
2;96;0.35;0.45
2;97;0.35;0.45
2;98;0.35;0.45
2;99;0.35;0.45
2;100;0.35;0.45
2;101;0.35;0.45
2;102;0.35;0.45
2;103;0.35;0.45
2;104;0.35;0.45
2;105;0.35;0.45
2;106;0.35;0.45
2;107;0.35;0.45
2;108;0.35;0.45
2;109;0.35;0.45
2;110;0.35;0.45
2;111;0.35;0.45
2;112;0.35;0.45
2;113;0.35;0.45
2;114;0.35;0.45
2;115;0.35;0.45
2;116;0.35;0.45
2;117;0.35;0.45
2;118;0.35;0.45
2;119;0.35;0.45
2;120;0.35;0.45
2;121;0.35;0.45
2;122;0.35;0.45
2;123;0.35;0.45
2;124;0.35;0.45
2;125;0.35;0.45
2;126;0.35;0.45
2;127;0.35;0.45
2;128;0.35;0.45
1;129;0.35;0.45
1;130;0.35;0.45
1;131;0.35;0.45
1;132;0.35;0.45
1;133;0.35;0.45
1;134;0.35;0.45
1;135;0.35;0.45
1;136;0.35;0.45
1;137;0.35;0.45
1;138;0.35;0.45
1;139;0.35;0.45
1;140;0.35;0.45
1;141;0.35;0.45
1;142;0.35;0.45
1;143;0.35;0.45
1;144;0.35;0.45
1;145;0.35;0.45
1;146;0.35;0.45
1;147;0.35;0.45
1;148;0.35;0.45
1;149;0.35;0.45
1;150;0.35;0.45
1;151;0.35;0.45
1;152;0.35;0.45
1;153;0.35;0.45
1;154;0.35;0.45
1;155;0.35;0.45
1;156;0.35;0.45
1;157;0.35;0.45
1;158;0.35;0.45
1;159;0.35;0.45
1;160;0.35;0.45
1;161;0.35;0.45
1;162;0.35;0.45
1;163;0.35;0.45
1;164;0.35;0.45
1;165;0.35;0.45
1;166;0.35;0.45
1;167;0.35;0.45
1;168;0.35;0.45
1;169;0.35;0.45
1;170;0.35;0.45
1;171;0.35;0.45
1;172;0.35;0.45
1;173;0.35;0.45
1;174;0.35;0.45
1;175;0.35;0.45
1;176;0.35;0.45
1;177;0.35;0.45
1;178;0.35;0.45
1;179;0.35;0.45
1;180;0.35;0.45
1;181;0.35;0.45
1;182;0.35;0.45
1;183;0.35;0.45
1;184;0.35;0.45
1;185;0.35;0.45
1;186;0.35;0.45
1;187;0.35;0.45
1;188;0.35;0.45
1;189;0.35;0.45
1;190;0.35;0.45
1;191;0.35;0.45
1;192;0.35;0.45
1;193;0.35;0.45
1;194;0.35;0.45
1;195;0.35;0.45
1;196;0.35;0.45
1;197;0.35;0.45
1;198;0.35;0.45
1;199;0.35;0.45
1;200;0.35;0.45
1;201;0.35;0.45
0;1;0.35;0.5
0;2;0.35;0.5
0;3;0.35;0.5
0;4;0.35;0.5
15;5;0.35;0.5
15;6;0.35;0.5
15;7;0.35;0.5
15;8;0.35;0.5
15;9;0.35;0.5
15;10;0.35;0.5
15;11;0.35;0.5
15;12;0.35;0.5
15;13;0.35;0.5
15;14;0.35;0.5
15;15;0.35;0.5
15;16;0.35;0.5
15;17;0.35;0.5
15;18;0.35;0.5
15;19;0.35;0.5
15;20;0.35;0.5
5;21;0.35;0.5
5;22;0.35;0.5
5;23;0.35;0.5
5;24;0.35;0.5
6;25;0.35;0.5
6;26;0.35;0.5
6;27;0.35;0.5
6;28;0.35;0.5
4;29;0.35;0.5
4;30;0.35;0.5
4;31;0.35;0.5
4;32;0.35;0.5
4;33;0.35;0.5
4;34;0.35;0.5
4;35;0.35;0.5
4;36;0.35;0.5
5;37;0.35;0.5
5;38;0.35;0.5
5;39;0.35;0.5
5;40;0.35;0.5
4;41;0.35;0.5
4;42;0.35;0.5
4;43;0.35;0.5
4;44;0.35;0.5
4;45;0.35;0.5
4;46;0.35;0.5
4;47;0.35;0.5
4;48;0.35;0.5
4;49;0.35;0.5
4;50;0.35;0.5
4;51;0.35;0.5
4;52;0.35;0.5
4;53;0.35;0.5
4;54;0.35;0.5
4;55;0.35;0.5
4;56;0.35;0.5
4;57;0.35;0.5
4;58;0.35;0.5
4;59;0.35;0.5
4;60;0.35;0.5
4;61;0.35;0.5
4;62;0.35;0.5
4;63;0.35;0.5
4;64;0.35;0.5
4;65;0.35;0.5
4;66;0.35;0.5
4;67;0.35;0.5
4;68;0.35;0.5
4;69;0.35;0.5
4;70;0.35;0.5
4;71;0.35;0.5
4;72;0.35;0.5
4;73;0.35;0.5
4;74;0.35;0.5
4;75;0.35;0.5
4;76;0.35;0.5
4;77;0.35;0.5
4;78;0.35;0.5
4;79;0.35;0.5
4;80;0.35;0.5
4;81;0.35;0.5
4;82;0.35;0.5
4;83;0.35;0.5
4;84;0.35;0.5
4;85;0.35;0.5
4;86;0.35;0.5
4;87;0.35;0.5
4;88;0.35;0.5
4;89;0.35;0.5
4;90;0.35;0.5
4;91;0.35;0.5
4;92;0.35;0.5
4;93;0.35;0.5
4;94;0.35;0.5
4;95;0.35;0.5
4;96;0.35;0.5
4;97;0.35;0.5
4;98;0.35;0.5
4;99;0.35;0.5
4;100;0.35;0.5
4;101;0.35;0.5
4;102;0.35;0.5
4;103;0.35;0.5
4;104;0.35;0.5
4;105;0.35;0.5
4;106;0.35;0.5
4;107;0.35;0.5
4;108;0.35;0.5
4;109;0.35;0.5
4;110;0.35;0.5
4;111;0.35;0.5
4;112;0.35;0.5
4;113;0.35;0.5
4;114;0.35;0.5
4;115;0.35;0.5
4;116;0.35;0.5
4;117;0.35;0.5
4;118;0.35;0.5
4;119;0.35;0.5
4;120;0.35;0.5
4;121;0.35;0.5
4;122;0.35;0.5
4;123;0.35;0.5
4;124;0.35;0.5
4;125;0.35;0.5
4;126;0.35;0.5
4;127;0.35;0.5
4;128;0.35;0.5
4;129;0.35;0.5
4;130;0.35;0.5
4;131;0.35;0.5
4;132;0.35;0.5
4;133;0.35;0.5
4;134;0.35;0.5
4;135;0.35;0.5
4;136;0.35;0.5
4;137;0.35;0.5
4;138;0.35;0.5
4;139;0.35;0.5
4;140;0.35;0.5
4;141;0.35;0.5
4;142;0.35;0.5
4;143;0.35;0.5
4;144;0.35;0.5
4;145;0.35;0.5
4;146;0.35;0.5
4;147;0.35;0.5
4;148;0.35;0.5
4;149;0.35;0.5
4;150;0.35;0.5
4;151;0.35;0.5
4;152;0.35;0.5
4;153;0.35;0.5
4;154;0.35;0.5
4;155;0.35;0.5
4;156;0.35;0.5
4;157;0.35;0.5
4;158;0.35;0.5
4;159;0.35;0.5
4;160;0.35;0.5
4;161;0.35;0.5
4;162;0.35;0.5
4;163;0.35;0.5
4;164;0.35;0.5
4;165;0.35;0.5
4;166;0.35;0.5
4;167;0.35;0.5
4;168;0.35;0.5
4;169;0.35;0.5
4;170;0.35;0.5
4;171;0.35;0.5
4;172;0.35;0.5
4;173;0.35;0.5
4;174;0.35;0.5
4;175;0.35;0.5
4;176;0.35;0.5
4;177;0.35;0.5
4;178;0.35;0.5
4;179;0.35;0.5
4;180;0.35;0.5
4;181;0.35;0.5
4;182;0.35;0.5
4;183;0.35;0.5
4;184;0.35;0.5
4;185;0.35;0.5
4;186;0.35;0.5
4;187;0.35;0.5
4;188;0.35;0.5
4;189;0.35;0.5
4;190;0.35;0.5
4;191;0.35;0.5
4;192;0.35;0.5
4;193;0.35;0.5
4;194;0.35;0.5
4;195;0.35;0.5
4;196;0.35;0.5
4;197;0.35;0.5
4;198;0.35;0.5
4;199;0.35;0.5
4;200;0.35;0.5
4;201;0.35;0.5
0;1;0.35;0.55
0;2;0.35;0.55
0;3;0.35;0.55
0;4;0.35;0.55
15;5;0.35;0.55
15;6;0.35;0.55
15;7;0.35;0.55
15;8;0.35;0.55
15;9;0.35;0.55
15;10;0.35;0.55
15;11;0.35;0.55
15;12;0.35;0.55
15;13;0.35;0.55
15;14;0.35;0.55
15;15;0.35;0.55
15;16;0.35;0.55
15;17;0.35;0.55
15;18;0.35;0.55
15;19;0.35;0.55
15;20;0.35;0.55
15;21;0.35;0.55
15;22;0.35;0.55
15;23;0.35;0.55
15;24;0.35;0.55
15;25;0.35;0.55
15;26;0.35;0.55
15;27;0.35;0.55
15;28;0.35;0.55
15;29;0.35;0.55
15;30;0.35;0.55
15;31;0.35;0.55
15;32;0.35;0.55
15;33;0.35;0.55
15;34;0.35;0.55
15;35;0.35;0.55
15;36;0.35;0.55
14;37;0.35;0.55
14;38;0.35;0.55
14;39;0.35;0.55
14;40;0.35;0.55
8;41;0.35;0.55
8;42;0.35;0.55
8;43;0.35;0.55
8;44;0.35;0.55
7;45;0.35;0.55
7;46;0.35;0.55
7;47;0.35;0.55
7;48;0.35;0.55
7;49;0.35;0.55
7;50;0.35;0.55
7;51;0.35;0.55
7;52;0.35;0.55
7;53;0.35;0.55
7;54;0.35;0.55
7;55;0.35;0.55
7;56;0.35;0.55
6;57;0.35;0.55
6;58;0.35;0.55
6;59;0.35;0.55
6;60;0.35;0.55
6;61;0.35;0.55
6;62;0.35;0.55
6;63;0.35;0.55
6;64;0.35;0.55
5;65;0.35;0.55
5;66;0.35;0.55
5;67;0.35;0.55
5;68;0.35;0.55
5;69;0.35;0.55
5;70;0.35;0.55
5;71;0.35;0.55
5;72;0.35;0.55
5;73;0.35;0.55
5;74;0.35;0.55
5;75;0.35;0.55
5;76;0.35;0.55
5;77;0.35;0.55
5;78;0.35;0.55
5;79;0.35;0.55
5;80;0.35;0.55
5;81;0.35;0.55
5;82;0.35;0.55
5;83;0.35;0.55
5;84;0.35;0.55
5;85;0.35;0.55
5;86;0.35;0.55
5;87;0.35;0.55
5;88;0.35;0.55
5;89;0.35;0.55
5;90;0.35;0.55
5;91;0.35;0.55
5;92;0.35;0.55
5;93;0.35;0.55
5;94;0.35;0.55
5;95;0.35;0.55
5;96;0.35;0.55
5;97;0.35;0.55
5;98;0.35;0.55
5;99;0.35;0.55
5;100;0.35;0.55
5;101;0.35;0.55
5;102;0.35;0.55
5;103;0.35;0.55
5;104;0.35;0.55
5;105;0.35;0.55
5;106;0.35;0.55
5;107;0.35;0.55
5;108;0.35;0.55
5;109;0.35;0.55
5;110;0.35;0.55
5;111;0.35;0.55
5;112;0.35;0.55
5;113;0.35;0.55
5;114;0.35;0.55
5;115;0.35;0.55
5;116;0.35;0.55
5;117;0.35;0.55
5;118;0.35;0.55
5;119;0.35;0.55
5;120;0.35;0.55
5;121;0.35;0.55
5;122;0.35;0.55
5;123;0.35;0.55
5;124;0.35;0.55
5;125;0.35;0.55
5;126;0.35;0.55
5;127;0.35;0.55
5;128;0.35;0.55
5;129;0.35;0.55
5;130;0.35;0.55
5;131;0.35;0.55
5;132;0.35;0.55
5;133;0.35;0.55
5;134;0.35;0.55
5;135;0.35;0.55
5;136;0.35;0.55
5;137;0.35;0.55
5;138;0.35;0.55
5;139;0.35;0.55
5;140;0.35;0.55
5;141;0.35;0.55
5;142;0.35;0.55
5;143;0.35;0.55
5;144;0.35;0.55
5;145;0.35;0.55
5;146;0.35;0.55
5;147;0.35;0.55
5;148;0.35;0.55
5;149;0.35;0.55
5;150;0.35;0.55
5;151;0.35;0.55
5;152;0.35;0.55
5;153;0.35;0.55
5;154;0.35;0.55
5;155;0.35;0.55
5;156;0.35;0.55
5;157;0.35;0.55
5;158;0.35;0.55
5;159;0.35;0.55
5;160;0.35;0.55
5;161;0.35;0.55
5;162;0.35;0.55
5;163;0.35;0.55
5;164;0.35;0.55
5;165;0.35;0.55
5;166;0.35;0.55
5;167;0.35;0.55
5;168;0.35;0.55
5;169;0.35;0.55
5;170;0.35;0.55
5;171;0.35;0.55
5;172;0.35;0.55
5;173;0.35;0.55
5;174;0.35;0.55
5;175;0.35;0.55
5;176;0.35;0.55
5;177;0.35;0.55
5;178;0.35;0.55
5;179;0.35;0.55
5;180;0.35;0.55
5;181;0.35;0.55
5;182;0.35;0.55
5;183;0.35;0.55
5;184;0.35;0.55
5;185;0.35;0.55
5;186;0.35;0.55
5;187;0.35;0.55
5;188;0.35;0.55
5;189;0.35;0.55
5;190;0.35;0.55
5;191;0.35;0.55
5;192;0.35;0.55
5;193;0.35;0.55
5;194;0.35;0.55
5;195;0.35;0.55
5;196;0.35;0.55
5;197;0.35;0.55
5;198;0.35;0.55
5;199;0.35;0.55
5;200;0.35;0.55
5;201;0.35;0.55
0;1;0.35;0.6
0;2;0.35;0.6
0;3;0.35;0.6
0;4;0.35;0.6
15;5;0.35;0.6
15;6;0.35;0.6
15;7;0.35;0.6
15;8;0.35;0.6
15;9;0.35;0.6
15;10;0.35;0.6
15;11;0.35;0.6
15;12;0.35;0.6
15;13;0.35;0.6
15;14;0.35;0.6
15;15;0.35;0.6
15;16;0.35;0.6
15;17;0.35;0.6
15;18;0.35;0.6
15;19;0.35;0.6
15;20;0.35;0.6
15;21;0.35;0.6
15;22;0.35;0.6
15;23;0.35;0.6
15;24;0.35;0.6
14;25;0.35;0.6
14;26;0.35;0.6
14;27;0.35;0.6
14;28;0.35;0.6
15;29;0.35;0.6
15;30;0.35;0.6
15;31;0.35;0.6
15;32;0.35;0.6
7;33;0.35;0.6
7;34;0.35;0.6
7;35;0.35;0.6
7;36;0.35;0.6
8;37;0.35;0.6
8;38;0.35;0.6
8;39;0.35;0.6
8;40;0.35;0.6
7;41;0.35;0.6
7;42;0.35;0.6
7;43;0.35;0.6
7;44;0.35;0.6
7;45;0.35;0.6
7;46;0.35;0.6
7;47;0.35;0.6
7;48;0.35;0.6
7;49;0.35;0.6
7;50;0.35;0.6
7;51;0.35;0.6
7;52;0.35;0.6
7;53;0.35;0.6
7;54;0.35;0.6
7;55;0.35;0.6
7;56;0.35;0.6
7;57;0.35;0.6
7;58;0.35;0.6
7;59;0.35;0.6
7;60;0.35;0.6
7;61;0.35;0.6
7;62;0.35;0.6
7;63;0.35;0.6
7;64;0.35;0.6
7;65;0.35;0.6
7;66;0.35;0.6
7;67;0.35;0.6
7;68;0.35;0.6
7;69;0.35;0.6
7;70;0.35;0.6
7;71;0.35;0.6
7;72;0.35;0.6
7;73;0.35;0.6
7;74;0.35;0.6
7;75;0.35;0.6
7;76;0.35;0.6
7;77;0.35;0.6
7;78;0.35;0.6
7;79;0.35;0.6
7;80;0.35;0.6
7;81;0.35;0.6
7;82;0.35;0.6
7;83;0.35;0.6
7;84;0.35;0.6
7;85;0.35;0.6
7;86;0.35;0.6
7;87;0.35;0.6
7;88;0.35;0.6
7;89;0.35;0.6
7;90;0.35;0.6
7;91;0.35;0.6
7;92;0.35;0.6
7;93;0.35;0.6
7;94;0.35;0.6
7;95;0.35;0.6
7;96;0.35;0.6
7;97;0.35;0.6
7;98;0.35;0.6
7;99;0.35;0.6
7;100;0.35;0.6
7;101;0.35;0.6
7;102;0.35;0.6
7;103;0.35;0.6
7;104;0.35;0.6
7;105;0.35;0.6
7;106;0.35;0.6
7;107;0.35;0.6
7;108;0.35;0.6
7;109;0.35;0.6
7;110;0.35;0.6
7;111;0.35;0.6
7;112;0.35;0.6
7;113;0.35;0.6
7;114;0.35;0.6
7;115;0.35;0.6
7;116;0.35;0.6
7;117;0.35;0.6
7;118;0.35;0.6
7;119;0.35;0.6
7;120;0.35;0.6
7;121;0.35;0.6
7;122;0.35;0.6
7;123;0.35;0.6
7;124;0.35;0.6
7;125;0.35;0.6
7;126;0.35;0.6
7;127;0.35;0.6
7;128;0.35;0.6
7;129;0.35;0.6
7;130;0.35;0.6
7;131;0.35;0.6
7;132;0.35;0.6
7;133;0.35;0.6
7;134;0.35;0.6
7;135;0.35;0.6
7;136;0.35;0.6
7;137;0.35;0.6
7;138;0.35;0.6
7;139;0.35;0.6
7;140;0.35;0.6
7;141;0.35;0.6
7;142;0.35;0.6
7;143;0.35;0.6
7;144;0.35;0.6
7;145;0.35;0.6
7;146;0.35;0.6
7;147;0.35;0.6
7;148;0.35;0.6
7;149;0.35;0.6
7;150;0.35;0.6
7;151;0.35;0.6
7;152;0.35;0.6
7;153;0.35;0.6
7;154;0.35;0.6
7;155;0.35;0.6
7;156;0.35;0.6
7;157;0.35;0.6
7;158;0.35;0.6
7;159;0.35;0.6
7;160;0.35;0.6
7;161;0.35;0.6
7;162;0.35;0.6
7;163;0.35;0.6
7;164;0.35;0.6
7;165;0.35;0.6
7;166;0.35;0.6
7;167;0.35;0.6
7;168;0.35;0.6
7;169;0.35;0.6
7;170;0.35;0.6
7;171;0.35;0.6
7;172;0.35;0.6
7;173;0.35;0.6
7;174;0.35;0.6
7;175;0.35;0.6
7;176;0.35;0.6
7;177;0.35;0.6
7;178;0.35;0.6
7;179;0.35;0.6
7;180;0.35;0.6
6;181;0.35;0.6
6;182;0.35;0.6
6;183;0.35;0.6
6;184;0.35;0.6
6;185;0.35;0.6
6;186;0.35;0.6
6;187;0.35;0.6
6;188;0.35;0.6
6;189;0.35;0.6
6;190;0.35;0.6
6;191;0.35;0.6
6;192;0.35;0.6
6;193;0.35;0.6
6;194;0.35;0.6
6;195;0.35;0.6
6;196;0.35;0.6
6;197;0.35;0.6
6;198;0.35;0.6
6;199;0.35;0.6
6;200;0.35;0.6
6;201;0.35;0.6
0;1;0.4;0.4
0;2;0.4;0.4
0;3;0.4;0.4
0;4;0.4;0.4
15;5;0.4;0.4
15;6;0.4;0.4
15;7;0.4;0.4
15;8;0.4;0.4
15;9;0.4;0.4
15;10;0.4;0.4
15;11;0.4;0.4
15;12;0.4;0.4
15;13;0.4;0.4
15;14;0.4;0.4
15;15;0.4;0.4
15;16;0.4;0.4
12;17;0.4;0.4
12;18;0.4;0.4
12;19;0.4;0.4
12;20;0.4;0.4
11;21;0.4;0.4
11;22;0.4;0.4
11;23;0.4;0.4
11;24;0.4;0.4
11;25;0.4;0.4
11;26;0.4;0.4
11;27;0.4;0.4
11;28;0.4;0.4
9;29;0.4;0.4
9;30;0.4;0.4
9;31;0.4;0.4
9;32;0.4;0.4
9;33;0.4;0.4
9;34;0.4;0.4
9;35;0.4;0.4
9;36;0.4;0.4
9;37;0.4;0.4
9;38;0.4;0.4
9;39;0.4;0.4
9;40;0.4;0.4
9;41;0.4;0.4
9;42;0.4;0.4
9;43;0.4;0.4
9;44;0.4;0.4
9;45;0.4;0.4
9;46;0.4;0.4
9;47;0.4;0.4
9;48;0.4;0.4
9;49;0.4;0.4
9;50;0.4;0.4
9;51;0.4;0.4
9;52;0.4;0.4
8;53;0.4;0.4
8;54;0.4;0.4
8;55;0.4;0.4
8;56;0.4;0.4
8;57;0.4;0.4
8;58;0.4;0.4
8;59;0.4;0.4
8;60;0.4;0.4
8;61;0.4;0.4
8;62;0.4;0.4
8;63;0.4;0.4
8;64;0.4;0.4
8;65;0.4;0.4
8;66;0.4;0.4
8;67;0.4;0.4
8;68;0.4;0.4
8;69;0.4;0.4
8;70;0.4;0.4
8;71;0.4;0.4
8;72;0.4;0.4
8;73;0.4;0.4
8;74;0.4;0.4
8;75;0.4;0.4
8;76;0.4;0.4
8;77;0.4;0.4
8;78;0.4;0.4
8;79;0.4;0.4
8;80;0.4;0.4
8;81;0.4;0.4
8;82;0.4;0.4
8;83;0.4;0.4
8;84;0.4;0.4
8;85;0.4;0.4
8;86;0.4;0.4
8;87;0.4;0.4
8;88;0.4;0.4
8;89;0.4;0.4
8;90;0.4;0.4
8;91;0.4;0.4
8;92;0.4;0.4
8;93;0.4;0.4
8;94;0.4;0.4
8;95;0.4;0.4
8;96;0.4;0.4
9;97;0.4;0.4
9;98;0.4;0.4
9;99;0.4;0.4
9;100;0.4;0.4
6;101;0.4;0.4
6;102;0.4;0.4
6;103;0.4;0.4
6;104;0.4;0.4
5;105;0.4;0.4
5;106;0.4;0.4
5;107;0.4;0.4
5;108;0.4;0.4
5;109;0.4;0.4
5;110;0.4;0.4
5;111;0.4;0.4
5;112;0.4;0.4
5;113;0.4;0.4
5;114;0.4;0.4
5;115;0.4;0.4
5;116;0.4;0.4
5;117;0.4;0.4
5;118;0.4;0.4
5;119;0.4;0.4
5;120;0.4;0.4
5;121;0.4;0.4
5;122;0.4;0.4
5;123;0.4;0.4
5;124;0.4;0.4
5;125;0.4;0.4
5;126;0.4;0.4
5;127;0.4;0.4
5;128;0.4;0.4
5;129;0.4;0.4
5;130;0.4;0.4
5;131;0.4;0.4
5;132;0.4;0.4
5;133;0.4;0.4
5;134;0.4;0.4
5;135;0.4;0.4
5;136;0.4;0.4
5;137;0.4;0.4
5;138;0.4;0.4
5;139;0.4;0.4
5;140;0.4;0.4
5;141;0.4;0.4
5;142;0.4;0.4
5;143;0.4;0.4
5;144;0.4;0.4
5;145;0.4;0.4
5;146;0.4;0.4
5;147;0.4;0.4
5;148;0.4;0.4
5;149;0.4;0.4
5;150;0.4;0.4
5;151;0.4;0.4
5;152;0.4;0.4
5;153;0.4;0.4
5;154;0.4;0.4
5;155;0.4;0.4
5;156;0.4;0.4
5;157;0.4;0.4
5;158;0.4;0.4
5;159;0.4;0.4
5;160;0.4;0.4
4;161;0.4;0.4
4;162;0.4;0.4
4;163;0.4;0.4
4;164;0.4;0.4
4;165;0.4;0.4
4;166;0.4;0.4
4;167;0.4;0.4
4;168;0.4;0.4
4;169;0.4;0.4
4;170;0.4;0.4
4;171;0.4;0.4
4;172;0.4;0.4
5;173;0.4;0.4
5;174;0.4;0.4
5;175;0.4;0.4
5;176;0.4;0.4
4;177;0.4;0.4
4;178;0.4;0.4
4;179;0.4;0.4
4;180;0.4;0.4
4;181;0.4;0.4
4;182;0.4;0.4
4;183;0.4;0.4
4;184;0.4;0.4
4;185;0.4;0.4
4;186;0.4;0.4
4;187;0.4;0.4
4;188;0.4;0.4
4;189;0.4;0.4
4;190;0.4;0.4
4;191;0.4;0.4
4;192;0.4;0.4
5;193;0.4;0.4
5;194;0.4;0.4
5;195;0.4;0.4
5;196;0.4;0.4
4;197;0.4;0.4
4;198;0.4;0.4
4;199;0.4;0.4
4;200;0.4;0.4
4;201;0.4;0.4
0;1;0.4;0.45
0;2;0.4;0.45
0;3;0.4;0.45
0;4;0.4;0.45
15;5;0.4;0.45
15;6;0.4;0.45
15;7;0.4;0.45
15;8;0.4;0.45
15;9;0.4;0.45
15;10;0.4;0.45
15;11;0.4;0.45
15;12;0.4;0.45
15;13;0.4;0.45
15;14;0.4;0.45
15;15;0.4;0.45
15;16;0.4;0.45
15;17;0.4;0.45
15;18;0.4;0.45
15;19;0.4;0.45
15;20;0.4;0.45
15;21;0.4;0.45
15;22;0.4;0.45
15;23;0.4;0.45
15;24;0.4;0.45
15;25;0.4;0.45
15;26;0.4;0.45
15;27;0.4;0.45
15;28;0.4;0.45
15;29;0.4;0.45
15;30;0.4;0.45
15;31;0.4;0.45
15;32;0.4;0.45
15;33;0.4;0.45
15;34;0.4;0.45
15;35;0.4;0.45
15;36;0.4;0.45
15;37;0.4;0.45
15;38;0.4;0.45
15;39;0.4;0.45
15;40;0.4;0.45
15;41;0.4;0.45
15;42;0.4;0.45
15;43;0.4;0.45
15;44;0.4;0.45
15;45;0.4;0.45
15;46;0.4;0.45
15;47;0.4;0.45
15;48;0.4;0.45
12;49;0.4;0.45
12;50;0.4;0.45
12;51;0.4;0.45
12;52;0.4;0.45
11;53;0.4;0.45
11;54;0.4;0.45
11;55;0.4;0.45
11;56;0.4;0.45
9;57;0.4;0.45
9;58;0.4;0.45
9;59;0.4;0.45
9;60;0.4;0.45
9;61;0.4;0.45
9;62;0.4;0.45
9;63;0.4;0.45
9;64;0.4;0.45
9;65;0.4;0.45
9;66;0.4;0.45
9;67;0.4;0.45
9;68;0.4;0.45
8;69;0.4;0.45
8;70;0.4;0.45
8;71;0.4;0.45
8;72;0.4;0.45
6;73;0.4;0.45
6;74;0.4;0.45
6;75;0.4;0.45
6;76;0.4;0.45
5;77;0.4;0.45
5;78;0.4;0.45
5;79;0.4;0.45
5;80;0.4;0.45
5;81;0.4;0.45
5;82;0.4;0.45
5;83;0.4;0.45
5;84;0.4;0.45
5;85;0.4;0.45
5;86;0.4;0.45
5;87;0.4;0.45
5;88;0.4;0.45
5;89;0.4;0.45
5;90;0.4;0.45
5;91;0.4;0.45
5;92;0.4;0.45
5;93;0.4;0.45
5;94;0.4;0.45
5;95;0.4;0.45
5;96;0.4;0.45
5;97;0.4;0.45
5;98;0.4;0.45
5;99;0.4;0.45
5;100;0.4;0.45
5;101;0.4;0.45
5;102;0.4;0.45
5;103;0.4;0.45
5;104;0.4;0.45
5;105;0.4;0.45
5;106;0.4;0.45
5;107;0.4;0.45
5;108;0.4;0.45
5;109;0.4;0.45
5;110;0.4;0.45
5;111;0.4;0.45
5;112;0.4;0.45
5;113;0.4;0.45
5;114;0.4;0.45
5;115;0.4;0.45
5;116;0.4;0.45
5;117;0.4;0.45
5;118;0.4;0.45
5;119;0.4;0.45
5;120;0.4;0.45
5;121;0.4;0.45
5;122;0.4;0.45
5;123;0.4;0.45
5;124;0.4;0.45
5;125;0.4;0.45
5;126;0.4;0.45
5;127;0.4;0.45
5;128;0.4;0.45
5;129;0.4;0.45
5;130;0.4;0.45
5;131;0.4;0.45
5;132;0.4;0.45
5;133;0.4;0.45
5;134;0.4;0.45
5;135;0.4;0.45
5;136;0.4;0.45
5;137;0.4;0.45
5;138;0.4;0.45
5;139;0.4;0.45
5;140;0.4;0.45
5;141;0.4;0.45
5;142;0.4;0.45
5;143;0.4;0.45
5;144;0.4;0.45
5;145;0.4;0.45
5;146;0.4;0.45
5;147;0.4;0.45
5;148;0.4;0.45
5;149;0.4;0.45
5;150;0.4;0.45
5;151;0.4;0.45
5;152;0.4;0.45
5;153;0.4;0.45
5;154;0.4;0.45
5;155;0.4;0.45
5;156;0.4;0.45
4;157;0.4;0.45
4;158;0.4;0.45
4;159;0.4;0.45
4;160;0.4;0.45
4;161;0.4;0.45
4;162;0.4;0.45
4;163;0.4;0.45
4;164;0.4;0.45
4;165;0.4;0.45
4;166;0.4;0.45
4;167;0.4;0.45
4;168;0.4;0.45
4;169;0.4;0.45
4;170;0.4;0.45
4;171;0.4;0.45
4;172;0.4;0.45
4;173;0.4;0.45
4;174;0.4;0.45
4;175;0.4;0.45
4;176;0.4;0.45
4;177;0.4;0.45
4;178;0.4;0.45
4;179;0.4;0.45
4;180;0.4;0.45
4;181;0.4;0.45
4;182;0.4;0.45
4;183;0.4;0.45
4;184;0.4;0.45
4;185;0.4;0.45
4;186;0.4;0.45
4;187;0.4;0.45
4;188;0.4;0.45
4;189;0.4;0.45
4;190;0.4;0.45
4;191;0.4;0.45
4;192;0.4;0.45
4;193;0.4;0.45
4;194;0.4;0.45
4;195;0.4;0.45
4;196;0.4;0.45
4;197;0.4;0.45
4;198;0.4;0.45
4;199;0.4;0.45
4;200;0.4;0.45
4;201;0.4;0.45
0;1;0.4;0.5
0;2;0.4;0.5
0;3;0.4;0.5
0;4;0.4;0.5
15;5;0.4;0.5
15;6;0.4;0.5
15;7;0.4;0.5
15;8;0.4;0.5
15;9;0.4;0.5
15;10;0.4;0.5
15;11;0.4;0.5
15;12;0.4;0.5
15;13;0.4;0.5
15;14;0.4;0.5
15;15;0.4;0.5
15;16;0.4;0.5
15;17;0.4;0.5
15;18;0.4;0.5
15;19;0.4;0.5
15;20;0.4;0.5
10;21;0.4;0.5
10;22;0.4;0.5
10;23;0.4;0.5
10;24;0.4;0.5
15;25;0.4;0.5
15;26;0.4;0.5
15;27;0.4;0.5
15;28;0.4;0.5
10;29;0.4;0.5
10;30;0.4;0.5
10;31;0.4;0.5
10;32;0.4;0.5
10;33;0.4;0.5
10;34;0.4;0.5
10;35;0.4;0.5
10;36;0.4;0.5
10;37;0.4;0.5
10;38;0.4;0.5
10;39;0.4;0.5
10;40;0.4;0.5
10;41;0.4;0.5
10;42;0.4;0.5
10;43;0.4;0.5
10;44;0.4;0.5
10;45;0.4;0.5
10;46;0.4;0.5
10;47;0.4;0.5
10;48;0.4;0.5
9;49;0.4;0.5
9;50;0.4;0.5
9;51;0.4;0.5
9;52;0.4;0.5
9;53;0.4;0.5
9;54;0.4;0.5
9;55;0.4;0.5
9;56;0.4;0.5
9;57;0.4;0.5
9;58;0.4;0.5
9;59;0.4;0.5
9;60;0.4;0.5
8;61;0.4;0.5
8;62;0.4;0.5
8;63;0.4;0.5
8;64;0.4;0.5
8;65;0.4;0.5
8;66;0.4;0.5
8;67;0.4;0.5
8;68;0.4;0.5
8;69;0.4;0.5
8;70;0.4;0.5
8;71;0.4;0.5
8;72;0.4;0.5
8;73;0.4;0.5
8;74;0.4;0.5
8;75;0.4;0.5
8;76;0.4;0.5
6;77;0.4;0.5
6;78;0.4;0.5
6;79;0.4;0.5
6;80;0.4;0.5
4;81;0.4;0.5
4;82;0.4;0.5
4;83;0.4;0.5
4;84;0.4;0.5
4;85;0.4;0.5
4;86;0.4;0.5
4;87;0.4;0.5
4;88;0.4;0.5
4;89;0.4;0.5
4;90;0.4;0.5
4;91;0.4;0.5
4;92;0.4;0.5
4;93;0.4;0.5
4;94;0.4;0.5
4;95;0.4;0.5
4;96;0.4;0.5
4;97;0.4;0.5
4;98;0.4;0.5
4;99;0.4;0.5
4;100;0.4;0.5
4;101;0.4;0.5
4;102;0.4;0.5
4;103;0.4;0.5
4;104;0.4;0.5
4;105;0.4;0.5
4;106;0.4;0.5
4;107;0.4;0.5
4;108;0.4;0.5
4;109;0.4;0.5
4;110;0.4;0.5
4;111;0.4;0.5
4;112;0.4;0.5
4;113;0.4;0.5
4;114;0.4;0.5
4;115;0.4;0.5
4;116;0.4;0.5
4;117;0.4;0.5
4;118;0.4;0.5
4;119;0.4;0.5
4;120;0.4;0.5
4;121;0.4;0.5
4;122;0.4;0.5
4;123;0.4;0.5
4;124;0.4;0.5
4;125;0.4;0.5
4;126;0.4;0.5
4;127;0.4;0.5
4;128;0.4;0.5
4;129;0.4;0.5
4;130;0.4;0.5
4;131;0.4;0.5
4;132;0.4;0.5
4;133;0.4;0.5
4;134;0.4;0.5
4;135;0.4;0.5
4;136;0.4;0.5
4;137;0.4;0.5
4;138;0.4;0.5
4;139;0.4;0.5
4;140;0.4;0.5
4;141;0.4;0.5
4;142;0.4;0.5
4;143;0.4;0.5
4;144;0.4;0.5
4;145;0.4;0.5
4;146;0.4;0.5
4;147;0.4;0.5
4;148;0.4;0.5
4;149;0.4;0.5
4;150;0.4;0.5
4;151;0.4;0.5
4;152;0.4;0.5
4;153;0.4;0.5
4;154;0.4;0.5
4;155;0.4;0.5
4;156;0.4;0.5
4;157;0.4;0.5
4;158;0.4;0.5
4;159;0.4;0.5
4;160;0.4;0.5
3;161;0.4;0.5
3;162;0.4;0.5
3;163;0.4;0.5
3;164;0.4;0.5
3;165;0.4;0.5
3;166;0.4;0.5
3;167;0.4;0.5
3;168;0.4;0.5
4;169;0.4;0.5
4;170;0.4;0.5
4;171;0.4;0.5
4;172;0.4;0.5
4;173;0.4;0.5
4;174;0.4;0.5
4;175;0.4;0.5
4;176;0.4;0.5
3;177;0.4;0.5
3;178;0.4;0.5
3;179;0.4;0.5
3;180;0.4;0.5
4;181;0.4;0.5
4;182;0.4;0.5
4;183;0.4;0.5
4;184;0.4;0.5
4;185;0.4;0.5
4;186;0.4;0.5
4;187;0.4;0.5
4;188;0.4;0.5
3;189;0.4;0.5
3;190;0.4;0.5
3;191;0.4;0.5
3;192;0.4;0.5
3;193;0.4;0.5
3;194;0.4;0.5
3;195;0.4;0.5
3;196;0.4;0.5
3;197;0.4;0.5
3;198;0.4;0.5
3;199;0.4;0.5
3;200;0.4;0.5
3;201;0.4;0.5
0;1;0.4;0.55
0;2;0.4;0.55
0;3;0.4;0.55
0;4;0.4;0.55
15;5;0.4;0.55
15;6;0.4;0.55
15;7;0.4;0.55
15;8;0.4;0.55
15;9;0.4;0.55
15;10;0.4;0.55
15;11;0.4;0.55
15;12;0.4;0.55
15;13;0.4;0.55
15;14;0.4;0.55
15;15;0.4;0.55
15;16;0.4;0.55
15;17;0.4;0.55
15;18;0.4;0.55
15;19;0.4;0.55
15;20;0.4;0.55
15;21;0.4;0.55
15;22;0.4;0.55
15;23;0.4;0.55
15;24;0.4;0.55
4;25;0.4;0.55
4;26;0.4;0.55
4;27;0.4;0.55
4;28;0.4;0.55
4;29;0.4;0.55
4;30;0.4;0.55
4;31;0.4;0.55
4;32;0.4;0.55
4;33;0.4;0.55
4;34;0.4;0.55
4;35;0.4;0.55
4;36;0.4;0.55
4;37;0.4;0.55
4;38;0.4;0.55
4;39;0.4;0.55
4;40;0.4;0.55
4;41;0.4;0.55
4;42;0.4;0.55
4;43;0.4;0.55
4;44;0.4;0.55
4;45;0.4;0.55
4;46;0.4;0.55
4;47;0.4;0.55
4;48;0.4;0.55
4;49;0.4;0.55
4;50;0.4;0.55
4;51;0.4;0.55
4;52;0.4;0.55
4;53;0.4;0.55
4;54;0.4;0.55
4;55;0.4;0.55
4;56;0.4;0.55
4;57;0.4;0.55
4;58;0.4;0.55
4;59;0.4;0.55
4;60;0.4;0.55
4;61;0.4;0.55
4;62;0.4;0.55
4;63;0.4;0.55
4;64;0.4;0.55
4;65;0.4;0.55
4;66;0.4;0.55
4;67;0.4;0.55
4;68;0.4;0.55
4;69;0.4;0.55
4;70;0.4;0.55
4;71;0.4;0.55
4;72;0.4;0.55
4;73;0.4;0.55
4;74;0.4;0.55
4;75;0.4;0.55
4;76;0.4;0.55
4;77;0.4;0.55
4;78;0.4;0.55
4;79;0.4;0.55
4;80;0.4;0.55
4;81;0.4;0.55
4;82;0.4;0.55
4;83;0.4;0.55
4;84;0.4;0.55
4;85;0.4;0.55
4;86;0.4;0.55
4;87;0.4;0.55
4;88;0.4;0.55
4;89;0.4;0.55
4;90;0.4;0.55
4;91;0.4;0.55
4;92;0.4;0.55
4;93;0.4;0.55
4;94;0.4;0.55
4;95;0.4;0.55
4;96;0.4;0.55
3;97;0.4;0.55
3;98;0.4;0.55
3;99;0.4;0.55
3;100;0.4;0.55
3;101;0.4;0.55
3;102;0.4;0.55
3;103;0.4;0.55
3;104;0.4;0.55
4;105;0.4;0.55
4;106;0.4;0.55
4;107;0.4;0.55
4;108;0.4;0.55
4;109;0.4;0.55
4;110;0.4;0.55
4;111;0.4;0.55
4;112;0.4;0.55
3;113;0.4;0.55
3;114;0.4;0.55
3;115;0.4;0.55
3;116;0.4;0.55
3;117;0.4;0.55
3;118;0.4;0.55
3;119;0.4;0.55
3;120;0.4;0.55
4;121;0.4;0.55
4;122;0.4;0.55
4;123;0.4;0.55
4;124;0.4;0.55
3;125;0.4;0.55
3;126;0.4;0.55
3;127;0.4;0.55
3;128;0.4;0.55
3;129;0.4;0.55
3;130;0.4;0.55
3;131;0.4;0.55
3;132;0.4;0.55
2;133;0.4;0.55
2;134;0.4;0.55
2;135;0.4;0.55
2;136;0.4;0.55
2;137;0.4;0.55
2;138;0.4;0.55
2;139;0.4;0.55
2;140;0.4;0.55
2;141;0.4;0.55
2;142;0.4;0.55
2;143;0.4;0.55
2;144;0.4;0.55
2;145;0.4;0.55
2;146;0.4;0.55
2;147;0.4;0.55
2;148;0.4;0.55
2;149;0.4;0.55
2;150;0.4;0.55
2;151;0.4;0.55
2;152;0.4;0.55
2;153;0.4;0.55
2;154;0.4;0.55
2;155;0.4;0.55
2;156;0.4;0.55
2;157;0.4;0.55
2;158;0.4;0.55
2;159;0.4;0.55
2;160;0.4;0.55
2;161;0.4;0.55
2;162;0.4;0.55
2;163;0.4;0.55
2;164;0.4;0.55
2;165;0.4;0.55
2;166;0.4;0.55
2;167;0.4;0.55
2;168;0.4;0.55
2;169;0.4;0.55
2;170;0.4;0.55
2;171;0.4;0.55
2;172;0.4;0.55
2;173;0.4;0.55
2;174;0.4;0.55
2;175;0.4;0.55
2;176;0.4;0.55
2;177;0.4;0.55
2;178;0.4;0.55
2;179;0.4;0.55
2;180;0.4;0.55
2;181;0.4;0.55
2;182;0.4;0.55
2;183;0.4;0.55
2;184;0.4;0.55
2;185;0.4;0.55
2;186;0.4;0.55
2;187;0.4;0.55
2;188;0.4;0.55
2;189;0.4;0.55
2;190;0.4;0.55
2;191;0.4;0.55
2;192;0.4;0.55
2;193;0.4;0.55
2;194;0.4;0.55
2;195;0.4;0.55
2;196;0.4;0.55
2;197;0.4;0.55
2;198;0.4;0.55
2;199;0.4;0.55
2;200;0.4;0.55
2;201;0.4;0.55
0;1;0.4;0.6
0;2;0.4;0.6
0;3;0.4;0.6
0;4;0.4;0.6
15;5;0.4;0.6
15;6;0.4;0.6
15;7;0.4;0.6
15;8;0.4;0.6
15;9;0.4;0.6
15;10;0.4;0.6
15;11;0.4;0.6
15;12;0.4;0.6
15;13;0.4;0.6
15;14;0.4;0.6
15;15;0.4;0.6
15;16;0.4;0.6
13;17;0.4;0.6
13;18;0.4;0.6
13;19;0.4;0.6
13;20;0.4;0.6
7;21;0.4;0.6
7;22;0.4;0.6
7;23;0.4;0.6
7;24;0.4;0.6
3;25;0.4;0.6
3;26;0.4;0.6
3;27;0.4;0.6
3;28;0.4;0.6
3;29;0.4;0.6
3;30;0.4;0.6
3;31;0.4;0.6
3;32;0.4;0.6
3;33;0.4;0.6
3;34;0.4;0.6
3;35;0.4;0.6
3;36;0.4;0.6
3;37;0.4;0.6
3;38;0.4;0.6
3;39;0.4;0.6
3;40;0.4;0.6
3;41;0.4;0.6
3;42;0.4;0.6
3;43;0.4;0.6
3;44;0.4;0.6
3;45;0.4;0.6
3;46;0.4;0.6
3;47;0.4;0.6
3;48;0.4;0.6
3;49;0.4;0.6
3;50;0.4;0.6
3;51;0.4;0.6
3;52;0.4;0.6
3;53;0.4;0.6
3;54;0.4;0.6
3;55;0.4;0.6
3;56;0.4;0.6
3;57;0.4;0.6
3;58;0.4;0.6
3;59;0.4;0.6
3;60;0.4;0.6
3;61;0.4;0.6
3;62;0.4;0.6
3;63;0.4;0.6
3;64;0.4;0.6
3;65;0.4;0.6
3;66;0.4;0.6
3;67;0.4;0.6
3;68;0.4;0.6
3;69;0.4;0.6
3;70;0.4;0.6
3;71;0.4;0.6
3;72;0.4;0.6
2;73;0.4;0.6
2;74;0.4;0.6
2;75;0.4;0.6
2;76;0.4;0.6
2;77;0.4;0.6
2;78;0.4;0.6
2;79;0.4;0.6
2;80;0.4;0.6
3;81;0.4;0.6
3;82;0.4;0.6
3;83;0.4;0.6
3;84;0.4;0.6
2;85;0.4;0.6
2;86;0.4;0.6
2;87;0.4;0.6
2;88;0.4;0.6
2;89;0.4;0.6
2;90;0.4;0.6
2;91;0.4;0.6
2;92;0.4;0.6
2;93;0.4;0.6
2;94;0.4;0.6
2;95;0.4;0.6
2;96;0.4;0.6
2;97;0.4;0.6
2;98;0.4;0.6
2;99;0.4;0.6
2;100;0.4;0.6
2;101;0.4;0.6
2;102;0.4;0.6
2;103;0.4;0.6
2;104;0.4;0.6
2;105;0.4;0.6
2;106;0.4;0.6
2;107;0.4;0.6
2;108;0.4;0.6
2;109;0.4;0.6
2;110;0.4;0.6
2;111;0.4;0.6
2;112;0.4;0.6
2;113;0.4;0.6
2;114;0.4;0.6
2;115;0.4;0.6
2;116;0.4;0.6
2;117;0.4;0.6
2;118;0.4;0.6
2;119;0.4;0.6
2;120;0.4;0.6
2;121;0.4;0.6
2;122;0.4;0.6
2;123;0.4;0.6
2;124;0.4;0.6
2;125;0.4;0.6
2;126;0.4;0.6
2;127;0.4;0.6
2;128;0.4;0.6
2;129;0.4;0.6
2;130;0.4;0.6
2;131;0.4;0.6
2;132;0.4;0.6
2;133;0.4;0.6
2;134;0.4;0.6
2;135;0.4;0.6
2;136;0.4;0.6
2;137;0.4;0.6
2;138;0.4;0.6
2;139;0.4;0.6
2;140;0.4;0.6
2;141;0.4;0.6
2;142;0.4;0.6
2;143;0.4;0.6
2;144;0.4;0.6
2;145;0.4;0.6
2;146;0.4;0.6
2;147;0.4;0.6
2;148;0.4;0.6
2;149;0.4;0.6
2;150;0.4;0.6
2;151;0.4;0.6
2;152;0.4;0.6
2;153;0.4;0.6
2;154;0.4;0.6
2;155;0.4;0.6
2;156;0.4;0.6
2;157;0.4;0.6
2;158;0.4;0.6
2;159;0.4;0.6
2;160;0.4;0.6
2;161;0.4;0.6
2;162;0.4;0.6
2;163;0.4;0.6
2;164;0.4;0.6
2;165;0.4;0.6
2;166;0.4;0.6
2;167;0.4;0.6
2;168;0.4;0.6
2;169;0.4;0.6
2;170;0.4;0.6
2;171;0.4;0.6
2;172;0.4;0.6
2;173;0.4;0.6
2;174;0.4;0.6
2;175;0.4;0.6
2;176;0.4;0.6
2;177;0.4;0.6
2;178;0.4;0.6
2;179;0.4;0.6
2;180;0.4;0.6
2;181;0.4;0.6
2;182;0.4;0.6
2;183;0.4;0.6
2;184;0.4;0.6
2;185;0.4;0.6
2;186;0.4;0.6
2;187;0.4;0.6
2;188;0.4;0.6
2;189;0.4;0.6
2;190;0.4;0.6
2;191;0.4;0.6
2;192;0.4;0.6
2;193;0.4;0.6
2;194;0.4;0.6
2;195;0.4;0.6
2;196;0.4;0.6
2;197;0.4;0.6
2;198;0.4;0.6
2;199;0.4;0.6
2;200;0.4;0.6
2;201;0.4;0.6
0;1;0.45;0.4
0;2;0.45;0.4
0;3;0.45;0.4
0;4;0.45;0.4
15;5;0.45;0.4
15;6;0.45;0.4
15;7;0.45;0.4
15;8;0.45;0.4
15;9;0.45;0.4
15;10;0.45;0.4
15;11;0.45;0.4
15;12;0.45;0.4
15;13;0.45;0.4
15;14;0.45;0.4
15;15;0.45;0.4
15;16;0.45;0.4
14;17;0.45;0.4
14;18;0.45;0.4
14;19;0.45;0.4
14;20;0.45;0.4
15;21;0.45;0.4
15;22;0.45;0.4
15;23;0.45;0.4
15;24;0.45;0.4
14;25;0.45;0.4
14;26;0.45;0.4
14;27;0.45;0.4
14;28;0.45;0.4
14;29;0.45;0.4
14;30;0.45;0.4
14;31;0.45;0.4
14;32;0.45;0.4
11;33;0.45;0.4
11;34;0.45;0.4
11;35;0.45;0.4
11;36;0.45;0.4
9;37;0.45;0.4
9;38;0.45;0.4
9;39;0.45;0.4
9;40;0.45;0.4
11;41;0.45;0.4
11;42;0.45;0.4
11;43;0.45;0.4
11;44;0.45;0.4
12;45;0.45;0.4
12;46;0.45;0.4
12;47;0.45;0.4
12;48;0.45;0.4
9;49;0.45;0.4
9;50;0.45;0.4
9;51;0.45;0.4
9;52;0.45;0.4
8;53;0.45;0.4
8;54;0.45;0.4
8;55;0.45;0.4
8;56;0.45;0.4
3;57;0.45;0.4
3;58;0.45;0.4
3;59;0.45;0.4
3;60;0.45;0.4
2;61;0.45;0.4
2;62;0.45;0.4
2;63;0.45;0.4
2;64;0.45;0.4
2;65;0.45;0.4
2;66;0.45;0.4
2;67;0.45;0.4
2;68;0.45;0.4
2;69;0.45;0.4
2;70;0.45;0.4
2;71;0.45;0.4
2;72;0.45;0.4
2;73;0.45;0.4
2;74;0.45;0.4
2;75;0.45;0.4
2;76;0.45;0.4
2;77;0.45;0.4
2;78;0.45;0.4
2;79;0.45;0.4
2;80;0.45;0.4
2;81;0.45;0.4
2;82;0.45;0.4
2;83;0.45;0.4
2;84;0.45;0.4
2;85;0.45;0.4
2;86;0.45;0.4
2;87;0.45;0.4
2;88;0.45;0.4
2;89;0.45;0.4
2;90;0.45;0.4
2;91;0.45;0.4
2;92;0.45;0.4
2;93;0.45;0.4
2;94;0.45;0.4
2;95;0.45;0.4
2;96;0.45;0.4
2;97;0.45;0.4
2;98;0.45;0.4
2;99;0.45;0.4
2;100;0.45;0.4
2;101;0.45;0.4
2;102;0.45;0.4
2;103;0.45;0.4
2;104;0.45;0.4
2;105;0.45;0.4
2;106;0.45;0.4
2;107;0.45;0.4
2;108;0.45;0.4
2;109;0.45;0.4
2;110;0.45;0.4
2;111;0.45;0.4
2;112;0.45;0.4
2;113;0.45;0.4
2;114;0.45;0.4
2;115;0.45;0.4
2;116;0.45;0.4
2;117;0.45;0.4
2;118;0.45;0.4
2;119;0.45;0.4
2;120;0.45;0.4
2;121;0.45;0.4
2;122;0.45;0.4
2;123;0.45;0.4
2;124;0.45;0.4
2;125;0.45;0.4
2;126;0.45;0.4
2;127;0.45;0.4
2;128;0.45;0.4
2;129;0.45;0.4
2;130;0.45;0.4
2;131;0.45;0.4
2;132;0.45;0.4
2;133;0.45;0.4
2;134;0.45;0.4
2;135;0.45;0.4
2;136;0.45;0.4
2;137;0.45;0.4
2;138;0.45;0.4
2;139;0.45;0.4
2;140;0.45;0.4
2;141;0.45;0.4
2;142;0.45;0.4
2;143;0.45;0.4
2;144;0.45;0.4
2;145;0.45;0.4
2;146;0.45;0.4
2;147;0.45;0.4
2;148;0.45;0.4
2;149;0.45;0.4
2;150;0.45;0.4
2;151;0.45;0.4
2;152;0.45;0.4
2;153;0.45;0.4
2;154;0.45;0.4
2;155;0.45;0.4
2;156;0.45;0.4
2;157;0.45;0.4
2;158;0.45;0.4
2;159;0.45;0.4
2;160;0.45;0.4
2;161;0.45;0.4
2;162;0.45;0.4
2;163;0.45;0.4
2;164;0.45;0.4
2;165;0.45;0.4
2;166;0.45;0.4
2;167;0.45;0.4
2;168;0.45;0.4
2;169;0.45;0.4
2;170;0.45;0.4
2;171;0.45;0.4
2;172;0.45;0.4
2;173;0.45;0.4
2;174;0.45;0.4
2;175;0.45;0.4
2;176;0.45;0.4
2;177;0.45;0.4
2;178;0.45;0.4
2;179;0.45;0.4
2;180;0.45;0.4
2;181;0.45;0.4
2;182;0.45;0.4
2;183;0.45;0.4
2;184;0.45;0.4
2;185;0.45;0.4
2;186;0.45;0.4
2;187;0.45;0.4
2;188;0.45;0.4
2;189;0.45;0.4
2;190;0.45;0.4
2;191;0.45;0.4
2;192;0.45;0.4
2;193;0.45;0.4
2;194;0.45;0.4
2;195;0.45;0.4
2;196;0.45;0.4
2;197;0.45;0.4
2;198;0.45;0.4
2;199;0.45;0.4
2;200;0.45;0.4
2;201;0.45;0.4
0;1;0.45;0.45
0;2;0.45;0.45
0;3;0.45;0.45
0;4;0.45;0.45
15;5;0.45;0.45
15;6;0.45;0.45
15;7;0.45;0.45
15;8;0.45;0.45
15;9;0.45;0.45
15;10;0.45;0.45
15;11;0.45;0.45
15;12;0.45;0.45
15;13;0.45;0.45
15;14;0.45;0.45
15;15;0.45;0.45
15;16;0.45;0.45
15;17;0.45;0.45
15;18;0.45;0.45
15;19;0.45;0.45
15;20;0.45;0.45
11;21;0.45;0.45
11;22;0.45;0.45
11;23;0.45;0.45
11;24;0.45;0.45
7;25;0.45;0.45
7;26;0.45;0.45
7;27;0.45;0.45
7;28;0.45;0.45
8;29;0.45;0.45
8;30;0.45;0.45
8;31;0.45;0.45
8;32;0.45;0.45
9;33;0.45;0.45
9;34;0.45;0.45
9;35;0.45;0.45
9;36;0.45;0.45
7;37;0.45;0.45
7;38;0.45;0.45
7;39;0.45;0.45
7;40;0.45;0.45
7;41;0.45;0.45
7;42;0.45;0.45
7;43;0.45;0.45
7;44;0.45;0.45
7;45;0.45;0.45
7;46;0.45;0.45
7;47;0.45;0.45
7;48;0.45;0.45
9;49;0.45;0.45
9;50;0.45;0.45
9;51;0.45;0.45
9;52;0.45;0.45
7;53;0.45;0.45
7;54;0.45;0.45
7;55;0.45;0.45
7;56;0.45;0.45
7;57;0.45;0.45
7;58;0.45;0.45
7;59;0.45;0.45
7;60;0.45;0.45
7;61;0.45;0.45
7;62;0.45;0.45
7;63;0.45;0.45
7;64;0.45;0.45
7;65;0.45;0.45
7;66;0.45;0.45
7;67;0.45;0.45
7;68;0.45;0.45
7;69;0.45;0.45
7;70;0.45;0.45
7;71;0.45;0.45
7;72;0.45;0.45
7;73;0.45;0.45
7;74;0.45;0.45
7;75;0.45;0.45
7;76;0.45;0.45
7;77;0.45;0.45
7;78;0.45;0.45
7;79;0.45;0.45
7;80;0.45;0.45
7;81;0.45;0.45
7;82;0.45;0.45
7;83;0.45;0.45
7;84;0.45;0.45
7;85;0.45;0.45
7;86;0.45;0.45
7;87;0.45;0.45
7;88;0.45;0.45
7;89;0.45;0.45
7;90;0.45;0.45
7;91;0.45;0.45
7;92;0.45;0.45
6;93;0.45;0.45
6;94;0.45;0.45
6;95;0.45;0.45
6;96;0.45;0.45
6;97;0.45;0.45
6;98;0.45;0.45
6;99;0.45;0.45
6;100;0.45;0.45
6;101;0.45;0.45
6;102;0.45;0.45
6;103;0.45;0.45
6;104;0.45;0.45
6;105;0.45;0.45
6;106;0.45;0.45
6;107;0.45;0.45
6;108;0.45;0.45
6;109;0.45;0.45
6;110;0.45;0.45
6;111;0.45;0.45
6;112;0.45;0.45
6;113;0.45;0.45
6;114;0.45;0.45
6;115;0.45;0.45
6;116;0.45;0.45
6;117;0.45;0.45
6;118;0.45;0.45
6;119;0.45;0.45
6;120;0.45;0.45
6;121;0.45;0.45
6;122;0.45;0.45
6;123;0.45;0.45
6;124;0.45;0.45
6;125;0.45;0.45
6;126;0.45;0.45
6;127;0.45;0.45
6;128;0.45;0.45
6;129;0.45;0.45
6;130;0.45;0.45
6;131;0.45;0.45
6;132;0.45;0.45
6;133;0.45;0.45
6;134;0.45;0.45
6;135;0.45;0.45
6;136;0.45;0.45
6;137;0.45;0.45
6;138;0.45;0.45
6;139;0.45;0.45
6;140;0.45;0.45
6;141;0.45;0.45
6;142;0.45;0.45
6;143;0.45;0.45
6;144;0.45;0.45
6;145;0.45;0.45
6;146;0.45;0.45
6;147;0.45;0.45
6;148;0.45;0.45
6;149;0.45;0.45
6;150;0.45;0.45
6;151;0.45;0.45
6;152;0.45;0.45
6;153;0.45;0.45
6;154;0.45;0.45
6;155;0.45;0.45
6;156;0.45;0.45
6;157;0.45;0.45
6;158;0.45;0.45
6;159;0.45;0.45
6;160;0.45;0.45
6;161;0.45;0.45
6;162;0.45;0.45
6;163;0.45;0.45
6;164;0.45;0.45
6;165;0.45;0.45
6;166;0.45;0.45
6;167;0.45;0.45
6;168;0.45;0.45
6;169;0.45;0.45
6;170;0.45;0.45
6;171;0.45;0.45
6;172;0.45;0.45
6;173;0.45;0.45
6;174;0.45;0.45
6;175;0.45;0.45
6;176;0.45;0.45
5;177;0.45;0.45
5;178;0.45;0.45
5;179;0.45;0.45
5;180;0.45;0.45
5;181;0.45;0.45
5;182;0.45;0.45
5;183;0.45;0.45
5;184;0.45;0.45
5;185;0.45;0.45
5;186;0.45;0.45
5;187;0.45;0.45
5;188;0.45;0.45
5;189;0.45;0.45
5;190;0.45;0.45
5;191;0.45;0.45
5;192;0.45;0.45
5;193;0.45;0.45
5;194;0.45;0.45
5;195;0.45;0.45
5;196;0.45;0.45
5;197;0.45;0.45
5;198;0.45;0.45
5;199;0.45;0.45
5;200;0.45;0.45
5;201;0.45;0.45
0;1;0.45;0.5
0;2;0.45;0.5
0;3;0.45;0.5
0;4;0.45;0.5
15;5;0.45;0.5
15;6;0.45;0.5
15;7;0.45;0.5
15;8;0.45;0.5
15;9;0.45;0.5
15;10;0.45;0.5
15;11;0.45;0.5
15;12;0.45;0.5
15;13;0.45;0.5
15;14;0.45;0.5
15;15;0.45;0.5
15;16;0.45;0.5
15;17;0.45;0.5
15;18;0.45;0.5
15;19;0.45;0.5
15;20;0.45;0.5
15;21;0.45;0.5
15;22;0.45;0.5
15;23;0.45;0.5
15;24;0.45;0.5
7;25;0.45;0.5
7;26;0.45;0.5
7;27;0.45;0.5
7;28;0.45;0.5
4;29;0.45;0.5
4;30;0.45;0.5
4;31;0.45;0.5
4;32;0.45;0.5
4;33;0.45;0.5
4;34;0.45;0.5
4;35;0.45;0.5
4;36;0.45;0.5
4;37;0.45;0.5
4;38;0.45;0.5
4;39;0.45;0.5
4;40;0.45;0.5
4;41;0.45;0.5
4;42;0.45;0.5
4;43;0.45;0.5
4;44;0.45;0.5
4;45;0.45;0.5
4;46;0.45;0.5
4;47;0.45;0.5
4;48;0.45;0.5
4;49;0.45;0.5
4;50;0.45;0.5
4;51;0.45;0.5
4;52;0.45;0.5
4;53;0.45;0.5
4;54;0.45;0.5
4;55;0.45;0.5
4;56;0.45;0.5
4;57;0.45;0.5
4;58;0.45;0.5
4;59;0.45;0.5
4;60;0.45;0.5
4;61;0.45;0.5
4;62;0.45;0.5
4;63;0.45;0.5
4;64;0.45;0.5
4;65;0.45;0.5
4;66;0.45;0.5
4;67;0.45;0.5
4;68;0.45;0.5
4;69;0.45;0.5
4;70;0.45;0.5
4;71;0.45;0.5
4;72;0.45;0.5
4;73;0.45;0.5
4;74;0.45;0.5
4;75;0.45;0.5
4;76;0.45;0.5
4;77;0.45;0.5
4;78;0.45;0.5
4;79;0.45;0.5
4;80;0.45;0.5
4;81;0.45;0.5
4;82;0.45;0.5
4;83;0.45;0.5
4;84;0.45;0.5
4;85;0.45;0.5
4;86;0.45;0.5
4;87;0.45;0.5
4;88;0.45;0.5
4;89;0.45;0.5
4;90;0.45;0.5
4;91;0.45;0.5
4;92;0.45;0.5
4;93;0.45;0.5
4;94;0.45;0.5
4;95;0.45;0.5
4;96;0.45;0.5
4;97;0.45;0.5
4;98;0.45;0.5
4;99;0.45;0.5
4;100;0.45;0.5
4;101;0.45;0.5
4;102;0.45;0.5
4;103;0.45;0.5
4;104;0.45;0.5
4;105;0.45;0.5
4;106;0.45;0.5
4;107;0.45;0.5
4;108;0.45;0.5
4;109;0.45;0.5
4;110;0.45;0.5
4;111;0.45;0.5
4;112;0.45;0.5
4;113;0.45;0.5
4;114;0.45;0.5
4;115;0.45;0.5
4;116;0.45;0.5
4;117;0.45;0.5
4;118;0.45;0.5
4;119;0.45;0.5
4;120;0.45;0.5
4;121;0.45;0.5
4;122;0.45;0.5
4;123;0.45;0.5
4;124;0.45;0.5
4;125;0.45;0.5
4;126;0.45;0.5
4;127;0.45;0.5
4;128;0.45;0.5
4;129;0.45;0.5
4;130;0.45;0.5
4;131;0.45;0.5
4;132;0.45;0.5
4;133;0.45;0.5
4;134;0.45;0.5
4;135;0.45;0.5
4;136;0.45;0.5
4;137;0.45;0.5
4;138;0.45;0.5
4;139;0.45;0.5
4;140;0.45;0.5
4;141;0.45;0.5
4;142;0.45;0.5
4;143;0.45;0.5
4;144;0.45;0.5
4;145;0.45;0.5
4;146;0.45;0.5
4;147;0.45;0.5
4;148;0.45;0.5
4;149;0.45;0.5
4;150;0.45;0.5
4;151;0.45;0.5
4;152;0.45;0.5
4;153;0.45;0.5
4;154;0.45;0.5
4;155;0.45;0.5
4;156;0.45;0.5
4;157;0.45;0.5
4;158;0.45;0.5
4;159;0.45;0.5
4;160;0.45;0.5
4;161;0.45;0.5
4;162;0.45;0.5
4;163;0.45;0.5
4;164;0.45;0.5
4;165;0.45;0.5
4;166;0.45;0.5
4;167;0.45;0.5
4;168;0.45;0.5
4;169;0.45;0.5
4;170;0.45;0.5
4;171;0.45;0.5
4;172;0.45;0.5
4;173;0.45;0.5
4;174;0.45;0.5
4;175;0.45;0.5
4;176;0.45;0.5
4;177;0.45;0.5
4;178;0.45;0.5
4;179;0.45;0.5
4;180;0.45;0.5
4;181;0.45;0.5
4;182;0.45;0.5
4;183;0.45;0.5
4;184;0.45;0.5
4;185;0.45;0.5
4;186;0.45;0.5
4;187;0.45;0.5
4;188;0.45;0.5
4;189;0.45;0.5
4;190;0.45;0.5
4;191;0.45;0.5
4;192;0.45;0.5
4;193;0.45;0.5
4;194;0.45;0.5
4;195;0.45;0.5
4;196;0.45;0.5
4;197;0.45;0.5
4;198;0.45;0.5
4;199;0.45;0.5
4;200;0.45;0.5
4;201;0.45;0.5
0;1;0.45;0.55
0;2;0.45;0.55
0;3;0.45;0.55
0;4;0.45;0.55
15;5;0.45;0.55
15;6;0.45;0.55
15;7;0.45;0.55
15;8;0.45;0.55
15;9;0.45;0.55
15;10;0.45;0.55
15;11;0.45;0.55
15;12;0.45;0.55
15;13;0.45;0.55
15;14;0.45;0.55
15;15;0.45;0.55
15;16;0.45;0.55
15;17;0.45;0.55
15;18;0.45;0.55
15;19;0.45;0.55
15;20;0.45;0.55
15;21;0.45;0.55
15;22;0.45;0.55
15;23;0.45;0.55
15;24;0.45;0.55
15;25;0.45;0.55
15;26;0.45;0.55
15;27;0.45;0.55
15;28;0.45;0.55
15;29;0.45;0.55
15;30;0.45;0.55
15;31;0.45;0.55
15;32;0.45;0.55
15;33;0.45;0.55
15;34;0.45;0.55
15;35;0.45;0.55
15;36;0.45;0.55
15;37;0.45;0.55
15;38;0.45;0.55
15;39;0.45;0.55
15;40;0.45;0.55
15;41;0.45;0.55
15;42;0.45;0.55
15;43;0.45;0.55
15;44;0.45;0.55
15;45;0.45;0.55
15;46;0.45;0.55
15;47;0.45;0.55
15;48;0.45;0.55
15;49;0.45;0.55
15;50;0.45;0.55
15;51;0.45;0.55
15;52;0.45;0.55
15;53;0.45;0.55
15;54;0.45;0.55
15;55;0.45;0.55
15;56;0.45;0.55
15;57;0.45;0.55
15;58;0.45;0.55
15;59;0.45;0.55
15;60;0.45;0.55
15;61;0.45;0.55
15;62;0.45;0.55
15;63;0.45;0.55
15;64;0.45;0.55
15;65;0.45;0.55
15;66;0.45;0.55
15;67;0.45;0.55
15;68;0.45;0.55
15;69;0.45;0.55
15;70;0.45;0.55
15;71;0.45;0.55
15;72;0.45;0.55
15;73;0.45;0.55
15;74;0.45;0.55
15;75;0.45;0.55
15;76;0.45;0.55
15;77;0.45;0.55
15;78;0.45;0.55
15;79;0.45;0.55
15;80;0.45;0.55
15;81;0.45;0.55
15;82;0.45;0.55
15;83;0.45;0.55
15;84;0.45;0.55
15;85;0.45;0.55
15;86;0.45;0.55
15;87;0.45;0.55
15;88;0.45;0.55
14;89;0.45;0.55
14;90;0.45;0.55
14;91;0.45;0.55
14;92;0.45;0.55
13;93;0.45;0.55
13;94;0.45;0.55
13;95;0.45;0.55
13;96;0.45;0.55
9;97;0.45;0.55
9;98;0.45;0.55
9;99;0.45;0.55
9;100;0.45;0.55
12;101;0.45;0.55
12;102;0.45;0.55
12;103;0.45;0.55
12;104;0.45;0.55
13;105;0.45;0.55
13;106;0.45;0.55
13;107;0.45;0.55
13;108;0.45;0.55
13;109;0.45;0.55
13;110;0.45;0.55
13;111;0.45;0.55
13;112;0.45;0.55
14;113;0.45;0.55
14;114;0.45;0.55
14;115;0.45;0.55
14;116;0.45;0.55
14;117;0.45;0.55
14;118;0.45;0.55
14;119;0.45;0.55
14;120;0.45;0.55
14;121;0.45;0.55
14;122;0.45;0.55
14;123;0.45;0.55
14;124;0.45;0.55
14;125;0.45;0.55
14;126;0.45;0.55
14;127;0.45;0.55
14;128;0.45;0.55
14;129;0.45;0.55
14;130;0.45;0.55
14;131;0.45;0.55
14;132;0.45;0.55
8;133;0.45;0.55
8;134;0.45;0.55
8;135;0.45;0.55
8;136;0.45;0.55
8;137;0.45;0.55
8;138;0.45;0.55
8;139;0.45;0.55
8;140;0.45;0.55
8;141;0.45;0.55
8;142;0.45;0.55
8;143;0.45;0.55
8;144;0.45;0.55
7;145;0.45;0.55
7;146;0.45;0.55
7;147;0.45;0.55
7;148;0.45;0.55
7;149;0.45;0.55
7;150;0.45;0.55
7;151;0.45;0.55
7;152;0.45;0.55
7;153;0.45;0.55
7;154;0.45;0.55
7;155;0.45;0.55
7;156;0.45;0.55
7;157;0.45;0.55
7;158;0.45;0.55
7;159;0.45;0.55
7;160;0.45;0.55
5;161;0.45;0.55
5;162;0.45;0.55
5;163;0.45;0.55
5;164;0.45;0.55
5;165;0.45;0.55
5;166;0.45;0.55
5;167;0.45;0.55
5;168;0.45;0.55
6;169;0.45;0.55
6;170;0.45;0.55
6;171;0.45;0.55
6;172;0.45;0.55
7;173;0.45;0.55
7;174;0.45;0.55
7;175;0.45;0.55
7;176;0.45;0.55
7;177;0.45;0.55
7;178;0.45;0.55
7;179;0.45;0.55
7;180;0.45;0.55
7;181;0.45;0.55
7;182;0.45;0.55
7;183;0.45;0.55
7;184;0.45;0.55
5;185;0.45;0.55
5;186;0.45;0.55
5;187;0.45;0.55
5;188;0.45;0.55
6;189;0.45;0.55
6;190;0.45;0.55
6;191;0.45;0.55
6;192;0.45;0.55
5;193;0.45;0.55
5;194;0.45;0.55
5;195;0.45;0.55
5;196;0.45;0.55
5;197;0.45;0.55
5;198;0.45;0.55
5;199;0.45;0.55
5;200;0.45;0.55
5;201;0.45;0.55
0;1;0.45;0.6
0;2;0.45;0.6
0;3;0.45;0.6
0;4;0.45;0.6
15;5;0.45;0.6
15;6;0.45;0.6
15;7;0.45;0.6
15;8;0.45;0.6
15;9;0.45;0.6
15;10;0.45;0.6
15;11;0.45;0.6
15;12;0.45;0.6
15;13;0.45;0.6
15;14;0.45;0.6
15;15;0.45;0.6
15;16;0.45;0.6
11;17;0.45;0.6
11;18;0.45;0.6
11;19;0.45;0.6
11;20;0.45;0.6
14;21;0.45;0.6
14;22;0.45;0.6
14;23;0.45;0.6
14;24;0.45;0.6
15;25;0.45;0.6
15;26;0.45;0.6
15;27;0.45;0.6
15;28;0.45;0.6
5;29;0.45;0.6
5;30;0.45;0.6
5;31;0.45;0.6
5;32;0.45;0.6
4;33;0.45;0.6
4;34;0.45;0.6
4;35;0.45;0.6
4;36;0.45;0.6
4;37;0.45;0.6
4;38;0.45;0.6
4;39;0.45;0.6
4;40;0.45;0.6
5;41;0.45;0.6
5;42;0.45;0.6
5;43;0.45;0.6
5;44;0.45;0.6
4;45;0.45;0.6
4;46;0.45;0.6
4;47;0.45;0.6
4;48;0.45;0.6
5;49;0.45;0.6
5;50;0.45;0.6
5;51;0.45;0.6
5;52;0.45;0.6
4;53;0.45;0.6
4;54;0.45;0.6
4;55;0.45;0.6
4;56;0.45;0.6
4;57;0.45;0.6
4;58;0.45;0.6
4;59;0.45;0.6
4;60;0.45;0.6
4;61;0.45;0.6
4;62;0.45;0.6
4;63;0.45;0.6
4;64;0.45;0.6
4;65;0.45;0.6
4;66;0.45;0.6
4;67;0.45;0.6
4;68;0.45;0.6
4;69;0.45;0.6
4;70;0.45;0.6
4;71;0.45;0.6
4;72;0.45;0.6
4;73;0.45;0.6
4;74;0.45;0.6
4;75;0.45;0.6
4;76;0.45;0.6
4;77;0.45;0.6
4;78;0.45;0.6
4;79;0.45;0.6
4;80;0.45;0.6
4;81;0.45;0.6
4;82;0.45;0.6
4;83;0.45;0.6
4;84;0.45;0.6
4;85;0.45;0.6
4;86;0.45;0.6
4;87;0.45;0.6
4;88;0.45;0.6
4;89;0.45;0.6
4;90;0.45;0.6
4;91;0.45;0.6
4;92;0.45;0.6
4;93;0.45;0.6
4;94;0.45;0.6
4;95;0.45;0.6
4;96;0.45;0.6
4;97;0.45;0.6
4;98;0.45;0.6
4;99;0.45;0.6
4;100;0.45;0.6
4;101;0.45;0.6
4;102;0.45;0.6
4;103;0.45;0.6
4;104;0.45;0.6
4;105;0.45;0.6
4;106;0.45;0.6
4;107;0.45;0.6
4;108;0.45;0.6
4;109;0.45;0.6
4;110;0.45;0.6
4;111;0.45;0.6
4;112;0.45;0.6
4;113;0.45;0.6
4;114;0.45;0.6
4;115;0.45;0.6
4;116;0.45;0.6
4;117;0.45;0.6
4;118;0.45;0.6
4;119;0.45;0.6
4;120;0.45;0.6
3;121;0.45;0.6
3;122;0.45;0.6
3;123;0.45;0.6
3;124;0.45;0.6
4;125;0.45;0.6
4;126;0.45;0.6
4;127;0.45;0.6
4;128;0.45;0.6
4;129;0.45;0.6
4;130;0.45;0.6
4;131;0.45;0.6
4;132;0.45;0.6
4;133;0.45;0.6
4;134;0.45;0.6
4;135;0.45;0.6
4;136;0.45;0.6
3;137;0.45;0.6
3;138;0.45;0.6
3;139;0.45;0.6
3;140;0.45;0.6
3;141;0.45;0.6
3;142;0.45;0.6
3;143;0.45;0.6
3;144;0.45;0.6
4;145;0.45;0.6
4;146;0.45;0.6
4;147;0.45;0.6
4;148;0.45;0.6
3;149;0.45;0.6
3;150;0.45;0.6
3;151;0.45;0.6
3;152;0.45;0.6
3;153;0.45;0.6
3;154;0.45;0.6
3;155;0.45;0.6
3;156;0.45;0.6
3;157;0.45;0.6
3;158;0.45;0.6
3;159;0.45;0.6
3;160;0.45;0.6
3;161;0.45;0.6
3;162;0.45;0.6
3;163;0.45;0.6
3;164;0.45;0.6
3;165;0.45;0.6
3;166;0.45;0.6
3;167;0.45;0.6
3;168;0.45;0.6
3;169;0.45;0.6
3;170;0.45;0.6
3;171;0.45;0.6
3;172;0.45;0.6
3;173;0.45;0.6
3;174;0.45;0.6
3;175;0.45;0.6
3;176;0.45;0.6
3;177;0.45;0.6
3;178;0.45;0.6
3;179;0.45;0.6
3;180;0.45;0.6
3;181;0.45;0.6
3;182;0.45;0.6
3;183;0.45;0.6
3;184;0.45;0.6
3;185;0.45;0.6
3;186;0.45;0.6
3;187;0.45;0.6
3;188;0.45;0.6
3;189;0.45;0.6
3;190;0.45;0.6
3;191;0.45;0.6
3;192;0.45;0.6
3;193;0.45;0.6
3;194;0.45;0.6
3;195;0.45;0.6
3;196;0.45;0.6
3;197;0.45;0.6
3;198;0.45;0.6
3;199;0.45;0.6
3;200;0.45;0.6
3;201;0.45;0.6
0;1;0.5;0.4
0;2;0.5;0.4
0;3;0.5;0.4
0;4;0.5;0.4
15;5;0.5;0.4
15;6;0.5;0.4
15;7;0.5;0.4
15;8;0.5;0.4
15;9;0.5;0.4
15;10;0.5;0.4
15;11;0.5;0.4
15;12;0.5;0.4
15;13;0.5;0.4
15;14;0.5;0.4
15;15;0.5;0.4
15;16;0.5;0.4
12;17;0.5;0.4
12;18;0.5;0.4
12;19;0.5;0.4
12;20;0.5;0.4
7;21;0.5;0.4
7;22;0.5;0.4
7;23;0.5;0.4
7;24;0.5;0.4
7;25;0.5;0.4
7;26;0.5;0.4
7;27;0.5;0.4
7;28;0.5;0.4
8;29;0.5;0.4
8;30;0.5;0.4
8;31;0.5;0.4
8;32;0.5;0.4
7;33;0.5;0.4
7;34;0.5;0.4
7;35;0.5;0.4
7;36;0.5;0.4
7;37;0.5;0.4
7;38;0.5;0.4
7;39;0.5;0.4
7;40;0.5;0.4
7;41;0.5;0.4
7;42;0.5;0.4
7;43;0.5;0.4
7;44;0.5;0.4
7;45;0.5;0.4
7;46;0.5;0.4
7;47;0.5;0.4
7;48;0.5;0.4
7;49;0.5;0.4
7;50;0.5;0.4
7;51;0.5;0.4
7;52;0.5;0.4
7;53;0.5;0.4
7;54;0.5;0.4
7;55;0.5;0.4
7;56;0.5;0.4
7;57;0.5;0.4
7;58;0.5;0.4
7;59;0.5;0.4
7;60;0.5;0.4
7;61;0.5;0.4
7;62;0.5;0.4
7;63;0.5;0.4
7;64;0.5;0.4
7;65;0.5;0.4
7;66;0.5;0.4
7;67;0.5;0.4
7;68;0.5;0.4
5;69;0.5;0.4
5;70;0.5;0.4
5;71;0.5;0.4
5;72;0.5;0.4
6;73;0.5;0.4
6;74;0.5;0.4
6;75;0.5;0.4
6;76;0.5;0.4
6;77;0.5;0.4
6;78;0.5;0.4
6;79;0.5;0.4
6;80;0.5;0.4
7;81;0.5;0.4
7;82;0.5;0.4
7;83;0.5;0.4
7;84;0.5;0.4
6;85;0.5;0.4
6;86;0.5;0.4
6;87;0.5;0.4
6;88;0.5;0.4
6;89;0.5;0.4
6;90;0.5;0.4
6;91;0.5;0.4
6;92;0.5;0.4
7;93;0.5;0.4
7;94;0.5;0.4
7;95;0.5;0.4
7;96;0.5;0.4
7;97;0.5;0.4
7;98;0.5;0.4
7;99;0.5;0.4
7;100;0.5;0.4
5;101;0.5;0.4
5;102;0.5;0.4
5;103;0.5;0.4
5;104;0.5;0.4
5;105;0.5;0.4
5;106;0.5;0.4
5;107;0.5;0.4
5;108;0.5;0.4
5;109;0.5;0.4
5;110;0.5;0.4
5;111;0.5;0.4
5;112;0.5;0.4
5;113;0.5;0.4
5;114;0.5;0.4
5;115;0.5;0.4
5;116;0.5;0.4
5;117;0.5;0.4
5;118;0.5;0.4
5;119;0.5;0.4
5;120;0.5;0.4
5;121;0.5;0.4
5;122;0.5;0.4
5;123;0.5;0.4
5;124;0.5;0.4
5;125;0.5;0.4
5;126;0.5;0.4
5;127;0.5;0.4
5;128;0.5;0.4
5;129;0.5;0.4
5;130;0.5;0.4
5;131;0.5;0.4
5;132;0.5;0.4
5;133;0.5;0.4
5;134;0.5;0.4
5;135;0.5;0.4
5;136;0.5;0.4
5;137;0.5;0.4
5;138;0.5;0.4
5;139;0.5;0.4
5;140;0.5;0.4
5;141;0.5;0.4
5;142;0.5;0.4
5;143;0.5;0.4
5;144;0.5;0.4
5;145;0.5;0.4
5;146;0.5;0.4
5;147;0.5;0.4
5;148;0.5;0.4
5;149;0.5;0.4
5;150;0.5;0.4
5;151;0.5;0.4
5;152;0.5;0.4
5;153;0.5;0.4
5;154;0.5;0.4
5;155;0.5;0.4
5;156;0.5;0.4
4;157;0.5;0.4
4;158;0.5;0.4
4;159;0.5;0.4
4;160;0.5;0.4
4;161;0.5;0.4
4;162;0.5;0.4
4;163;0.5;0.4
4;164;0.5;0.4
4;165;0.5;0.4
4;166;0.5;0.4
4;167;0.5;0.4
4;168;0.5;0.4
4;169;0.5;0.4
4;170;0.5;0.4
4;171;0.5;0.4
4;172;0.5;0.4
4;173;0.5;0.4
4;174;0.5;0.4
4;175;0.5;0.4
4;176;0.5;0.4
4;177;0.5;0.4
4;178;0.5;0.4
4;179;0.5;0.4
4;180;0.5;0.4
4;181;0.5;0.4
4;182;0.5;0.4
4;183;0.5;0.4
4;184;0.5;0.4
4;185;0.5;0.4
4;186;0.5;0.4
4;187;0.5;0.4
4;188;0.5;0.4
4;189;0.5;0.4
4;190;0.5;0.4
4;191;0.5;0.4
4;192;0.5;0.4
4;193;0.5;0.4
4;194;0.5;0.4
4;195;0.5;0.4
4;196;0.5;0.4
4;197;0.5;0.4
4;198;0.5;0.4
4;199;0.5;0.4
4;200;0.5;0.4
4;201;0.5;0.4
0;1;0.5;0.45
0;2;0.5;0.45
0;3;0.5;0.45
0;4;0.5;0.45
15;5;0.5;0.45
15;6;0.5;0.45
15;7;0.5;0.45
15;8;0.5;0.45
15;9;0.5;0.45
15;10;0.5;0.45
15;11;0.5;0.45
15;12;0.5;0.45
15;13;0.5;0.45
15;14;0.5;0.45
15;15;0.5;0.45
15;16;0.5;0.45
15;17;0.5;0.45
15;18;0.5;0.45
15;19;0.5;0.45
15;20;0.5;0.45
14;21;0.5;0.45
14;22;0.5;0.45
14;23;0.5;0.45
14;24;0.5;0.45
9;25;0.5;0.45
9;26;0.5;0.45
9;27;0.5;0.45
9;28;0.5;0.45
11;29;0.5;0.45
11;30;0.5;0.45
11;31;0.5;0.45
11;32;0.5;0.45
10;33;0.5;0.45
10;34;0.5;0.45
10;35;0.5;0.45
10;36;0.5;0.45
8;37;0.5;0.45
8;38;0.5;0.45
8;39;0.5;0.45
8;40;0.5;0.45
8;41;0.5;0.45
8;42;0.5;0.45
8;43;0.5;0.45
8;44;0.5;0.45
8;45;0.5;0.45
8;46;0.5;0.45
8;47;0.5;0.45
8;48;0.5;0.45
8;49;0.5;0.45
8;50;0.5;0.45
8;51;0.5;0.45
8;52;0.5;0.45
8;53;0.5;0.45
8;54;0.5;0.45
8;55;0.5;0.45
8;56;0.5;0.45
8;57;0.5;0.45
8;58;0.5;0.45
8;59;0.5;0.45
8;60;0.5;0.45
7;61;0.5;0.45
7;62;0.5;0.45
7;63;0.5;0.45
7;64;0.5;0.45
7;65;0.5;0.45
7;66;0.5;0.45
7;67;0.5;0.45
7;68;0.5;0.45
6;69;0.5;0.45
6;70;0.5;0.45
6;71;0.5;0.45
6;72;0.5;0.45
5;73;0.5;0.45
5;74;0.5;0.45
5;75;0.5;0.45
5;76;0.5;0.45
5;77;0.5;0.45
5;78;0.5;0.45
5;79;0.5;0.45
5;80;0.5;0.45
4;81;0.5;0.45
4;82;0.5;0.45
4;83;0.5;0.45
4;84;0.5;0.45
4;85;0.5;0.45
4;86;0.5;0.45
4;87;0.5;0.45
4;88;0.5;0.45
4;89;0.5;0.45
4;90;0.5;0.45
4;91;0.5;0.45
4;92;0.5;0.45
4;93;0.5;0.45
4;94;0.5;0.45
4;95;0.5;0.45
4;96;0.5;0.45
4;97;0.5;0.45
4;98;0.5;0.45
4;99;0.5;0.45
4;100;0.5;0.45
4;101;0.5;0.45
4;102;0.5;0.45
4;103;0.5;0.45
4;104;0.5;0.45
4;105;0.5;0.45
4;106;0.5;0.45
4;107;0.5;0.45
4;108;0.5;0.45
4;109;0.5;0.45
4;110;0.5;0.45
4;111;0.5;0.45
4;112;0.5;0.45
4;113;0.5;0.45
4;114;0.5;0.45
4;115;0.5;0.45
4;116;0.5;0.45
4;117;0.5;0.45
4;118;0.5;0.45
4;119;0.5;0.45
4;120;0.5;0.45
4;121;0.5;0.45
4;122;0.5;0.45
4;123;0.5;0.45
4;124;0.5;0.45
4;125;0.5;0.45
4;126;0.5;0.45
4;127;0.5;0.45
4;128;0.5;0.45
4;129;0.5;0.45
4;130;0.5;0.45
4;131;0.5;0.45
4;132;0.5;0.45
4;133;0.5;0.45
4;134;0.5;0.45
4;135;0.5;0.45
4;136;0.5;0.45
4;137;0.5;0.45
4;138;0.5;0.45
4;139;0.5;0.45
4;140;0.5;0.45
4;141;0.5;0.45
4;142;0.5;0.45
4;143;0.5;0.45
4;144;0.5;0.45
4;145;0.5;0.45
4;146;0.5;0.45
4;147;0.5;0.45
4;148;0.5;0.45
4;149;0.5;0.45
4;150;0.5;0.45
4;151;0.5;0.45
4;152;0.5;0.45
4;153;0.5;0.45
4;154;0.5;0.45
4;155;0.5;0.45
4;156;0.5;0.45
4;157;0.5;0.45
4;158;0.5;0.45
4;159;0.5;0.45
4;160;0.5;0.45
4;161;0.5;0.45
4;162;0.5;0.45
4;163;0.5;0.45
4;164;0.5;0.45
4;165;0.5;0.45
4;166;0.5;0.45
4;167;0.5;0.45
4;168;0.5;0.45
4;169;0.5;0.45
4;170;0.5;0.45
4;171;0.5;0.45
4;172;0.5;0.45
4;173;0.5;0.45
4;174;0.5;0.45
4;175;0.5;0.45
4;176;0.5;0.45
4;177;0.5;0.45
4;178;0.5;0.45
4;179;0.5;0.45
4;180;0.5;0.45
4;181;0.5;0.45
4;182;0.5;0.45
4;183;0.5;0.45
4;184;0.5;0.45
4;185;0.5;0.45
4;186;0.5;0.45
4;187;0.5;0.45
4;188;0.5;0.45
4;189;0.5;0.45
4;190;0.5;0.45
4;191;0.5;0.45
4;192;0.5;0.45
4;193;0.5;0.45
4;194;0.5;0.45
4;195;0.5;0.45
4;196;0.5;0.45
4;197;0.5;0.45
4;198;0.5;0.45
4;199;0.5;0.45
4;200;0.5;0.45
4;201;0.5;0.45
0;1;0.5;0.5
0;2;0.5;0.5
0;3;0.5;0.5
0;4;0.5;0.5
15;5;0.5;0.5
15;6;0.5;0.5
15;7;0.5;0.5
15;8;0.5;0.5
15;9;0.5;0.5
15;10;0.5;0.5
15;11;0.5;0.5
15;12;0.5;0.5
15;13;0.5;0.5
15;14;0.5;0.5
15;15;0.5;0.5
15;16;0.5;0.5
15;17;0.5;0.5
15;18;0.5;0.5
15;19;0.5;0.5
15;20;0.5;0.5
15;21;0.5;0.5
15;22;0.5;0.5
15;23;0.5;0.5
15;24;0.5;0.5
13;25;0.5;0.5
13;26;0.5;0.5
13;27;0.5;0.5
13;28;0.5;0.5
15;29;0.5;0.5
15;30;0.5;0.5
15;31;0.5;0.5
15;32;0.5;0.5
12;33;0.5;0.5
12;34;0.5;0.5
12;35;0.5;0.5
12;36;0.5;0.5
9;37;0.5;0.5
9;38;0.5;0.5
9;39;0.5;0.5
9;40;0.5;0.5
9;41;0.5;0.5
9;42;0.5;0.5
9;43;0.5;0.5
9;44;0.5;0.5
9;45;0.5;0.5
9;46;0.5;0.5
9;47;0.5;0.5
9;48;0.5;0.5
9;49;0.5;0.5
9;50;0.5;0.5
9;51;0.5;0.5
9;52;0.5;0.5
9;53;0.5;0.5
9;54;0.5;0.5
9;55;0.5;0.5
9;56;0.5;0.5
9;57;0.5;0.5
9;58;0.5;0.5
9;59;0.5;0.5
9;60;0.5;0.5
9;61;0.5;0.5
9;62;0.5;0.5
9;63;0.5;0.5
9;64;0.5;0.5
9;65;0.5;0.5
9;66;0.5;0.5
9;67;0.5;0.5
9;68;0.5;0.5
9;69;0.5;0.5
9;70;0.5;0.5
9;71;0.5;0.5
9;72;0.5;0.5
9;73;0.5;0.5
9;74;0.5;0.5
9;75;0.5;0.5
9;76;0.5;0.5
9;77;0.5;0.5
9;78;0.5;0.5
9;79;0.5;0.5
9;80;0.5;0.5
9;81;0.5;0.5
9;82;0.5;0.5
9;83;0.5;0.5
9;84;0.5;0.5
9;85;0.5;0.5
9;86;0.5;0.5
9;87;0.5;0.5
9;88;0.5;0.5
8;89;0.5;0.5
8;90;0.5;0.5
8;91;0.5;0.5
8;92;0.5;0.5
8;93;0.5;0.5
8;94;0.5;0.5
8;95;0.5;0.5
8;96;0.5;0.5
8;97;0.5;0.5
8;98;0.5;0.5
8;99;0.5;0.5
8;100;0.5;0.5
8;101;0.5;0.5
8;102;0.5;0.5
8;103;0.5;0.5
8;104;0.5;0.5
8;105;0.5;0.5
8;106;0.5;0.5
8;107;0.5;0.5
8;108;0.5;0.5
8;109;0.5;0.5
8;110;0.5;0.5
8;111;0.5;0.5
8;112;0.5;0.5
8;113;0.5;0.5
8;114;0.5;0.5
8;115;0.5;0.5
8;116;0.5;0.5
8;117;0.5;0.5
8;118;0.5;0.5
8;119;0.5;0.5
8;120;0.5;0.5
8;121;0.5;0.5
8;122;0.5;0.5
8;123;0.5;0.5
8;124;0.5;0.5
8;125;0.5;0.5
8;126;0.5;0.5
8;127;0.5;0.5
8;128;0.5;0.5
8;129;0.5;0.5
8;130;0.5;0.5
8;131;0.5;0.5
8;132;0.5;0.5
8;133;0.5;0.5
8;134;0.5;0.5
8;135;0.5;0.5
8;136;0.5;0.5
8;137;0.5;0.5
8;138;0.5;0.5
8;139;0.5;0.5
8;140;0.5;0.5
6;141;0.5;0.5
6;142;0.5;0.5
6;143;0.5;0.5
6;144;0.5;0.5
5;145;0.5;0.5
5;146;0.5;0.5
5;147;0.5;0.5
5;148;0.5;0.5
5;149;0.5;0.5
5;150;0.5;0.5
5;151;0.5;0.5
5;152;0.5;0.5
5;153;0.5;0.5
5;154;0.5;0.5
5;155;0.5;0.5
5;156;0.5;0.5
5;157;0.5;0.5
5;158;0.5;0.5
5;159;0.5;0.5
5;160;0.5;0.5
5;161;0.5;0.5
5;162;0.5;0.5
5;163;0.5;0.5
5;164;0.5;0.5
5;165;0.5;0.5
5;166;0.5;0.5
5;167;0.5;0.5
5;168;0.5;0.5
5;169;0.5;0.5
5;170;0.5;0.5
5;171;0.5;0.5
5;172;0.5;0.5
5;173;0.5;0.5
5;174;0.5;0.5
5;175;0.5;0.5
5;176;0.5;0.5
5;177;0.5;0.5
5;178;0.5;0.5
5;179;0.5;0.5
5;180;0.5;0.5
5;181;0.5;0.5
5;182;0.5;0.5
5;183;0.5;0.5
5;184;0.5;0.5
5;185;0.5;0.5
5;186;0.5;0.5
5;187;0.5;0.5
5;188;0.5;0.5
4;189;0.5;0.5
4;190;0.5;0.5
4;191;0.5;0.5
4;192;0.5;0.5
4;193;0.5;0.5
4;194;0.5;0.5
4;195;0.5;0.5
4;196;0.5;0.5
4;197;0.5;0.5
4;198;0.5;0.5
4;199;0.5;0.5
4;200;0.5;0.5
4;201;0.5;0.5
0;1;0.5;0.55
0;2;0.5;0.55
0;3;0.5;0.55
0;4;0.5;0.55
15;5;0.5;0.55
15;6;0.5;0.55
15;7;0.5;0.55
15;8;0.5;0.55
15;9;0.5;0.55
15;10;0.5;0.55
15;11;0.5;0.55
15;12;0.5;0.55
15;13;0.5;0.55
15;14;0.5;0.55
15;15;0.5;0.55
15;16;0.5;0.55
15;17;0.5;0.55
15;18;0.5;0.55
15;19;0.5;0.55
15;20;0.5;0.55
9;21;0.5;0.55
9;22;0.5;0.55
9;23;0.5;0.55
9;24;0.5;0.55
9;25;0.5;0.55
9;26;0.5;0.55
9;27;0.5;0.55
9;28;0.5;0.55
9;29;0.5;0.55
9;30;0.5;0.55
9;31;0.5;0.55
9;32;0.5;0.55
9;33;0.5;0.55
9;34;0.5;0.55
9;35;0.5;0.55
9;36;0.5;0.55
9;37;0.5;0.55
9;38;0.5;0.55
9;39;0.5;0.55
9;40;0.5;0.55
7;41;0.5;0.55
7;42;0.5;0.55
7;43;0.5;0.55
7;44;0.5;0.55
8;45;0.5;0.55
8;46;0.5;0.55
8;47;0.5;0.55
8;48;0.5;0.55
9;49;0.5;0.55
9;50;0.5;0.55
9;51;0.5;0.55
9;52;0.5;0.55
7;53;0.5;0.55
7;54;0.5;0.55
7;55;0.5;0.55
7;56;0.5;0.55
7;57;0.5;0.55
7;58;0.5;0.55
7;59;0.5;0.55
7;60;0.5;0.55
7;61;0.5;0.55
7;62;0.5;0.55
7;63;0.5;0.55
7;64;0.5;0.55
7;65;0.5;0.55
7;66;0.5;0.55
7;67;0.5;0.55
7;68;0.5;0.55
7;69;0.5;0.55
7;70;0.5;0.55
7;71;0.5;0.55
7;72;0.5;0.55
7;73;0.5;0.55
7;74;0.5;0.55
7;75;0.5;0.55
7;76;0.5;0.55
7;77;0.5;0.55
7;78;0.5;0.55
7;79;0.5;0.55
7;80;0.5;0.55
7;81;0.5;0.55
7;82;0.5;0.55
7;83;0.5;0.55
7;84;0.5;0.55
7;85;0.5;0.55
7;86;0.5;0.55
7;87;0.5;0.55
7;88;0.5;0.55
7;89;0.5;0.55
7;90;0.5;0.55
7;91;0.5;0.55
7;92;0.5;0.55
7;93;0.5;0.55
7;94;0.5;0.55
7;95;0.5;0.55
7;96;0.5;0.55
6;97;0.5;0.55
6;98;0.5;0.55
6;99;0.5;0.55
6;100;0.5;0.55
6;101;0.5;0.55
6;102;0.5;0.55
6;103;0.5;0.55
6;104;0.5;0.55
6;105;0.5;0.55
6;106;0.5;0.55
6;107;0.5;0.55
6;108;0.5;0.55
6;109;0.5;0.55
6;110;0.5;0.55
6;111;0.5;0.55
6;112;0.5;0.55
6;113;0.5;0.55
6;114;0.5;0.55
6;115;0.5;0.55
6;116;0.5;0.55
6;117;0.5;0.55
6;118;0.5;0.55
6;119;0.5;0.55
6;120;0.5;0.55
6;121;0.5;0.55
6;122;0.5;0.55
6;123;0.5;0.55
6;124;0.5;0.55
6;125;0.5;0.55
6;126;0.5;0.55
6;127;0.5;0.55
6;128;0.5;0.55
6;129;0.5;0.55
6;130;0.5;0.55
6;131;0.5;0.55
6;132;0.5;0.55
6;133;0.5;0.55
6;134;0.5;0.55
6;135;0.5;0.55
6;136;0.5;0.55
6;137;0.5;0.55
6;138;0.5;0.55
6;139;0.5;0.55
6;140;0.5;0.55
6;141;0.5;0.55
6;142;0.5;0.55
6;143;0.5;0.55
6;144;0.5;0.55
6;145;0.5;0.55
6;146;0.5;0.55
6;147;0.5;0.55
6;148;0.5;0.55
6;149;0.5;0.55
6;150;0.5;0.55
6;151;0.5;0.55
6;152;0.5;0.55
6;153;0.5;0.55
6;154;0.5;0.55
6;155;0.5;0.55
6;156;0.5;0.55
6;157;0.5;0.55
6;158;0.5;0.55
6;159;0.5;0.55
6;160;0.5;0.55
6;161;0.5;0.55
6;162;0.5;0.55
6;163;0.5;0.55
6;164;0.5;0.55
6;165;0.5;0.55
6;166;0.5;0.55
6;167;0.5;0.55
6;168;0.5;0.55
6;169;0.5;0.55
6;170;0.5;0.55
6;171;0.5;0.55
6;172;0.5;0.55
6;173;0.5;0.55
6;174;0.5;0.55
6;175;0.5;0.55
6;176;0.5;0.55
6;177;0.5;0.55
6;178;0.5;0.55
6;179;0.5;0.55
6;180;0.5;0.55
6;181;0.5;0.55
6;182;0.5;0.55
6;183;0.5;0.55
6;184;0.5;0.55
6;185;0.5;0.55
6;186;0.5;0.55
6;187;0.5;0.55
6;188;0.5;0.55
6;189;0.5;0.55
6;190;0.5;0.55
6;191;0.5;0.55
6;192;0.5;0.55
6;193;0.5;0.55
6;194;0.5;0.55
6;195;0.5;0.55
6;196;0.5;0.55
6;197;0.5;0.55
6;198;0.5;0.55
6;199;0.5;0.55
6;200;0.5;0.55
6;201;0.5;0.55
0;1;0.5;0.6
0;2;0.5;0.6
0;3;0.5;0.6
0;4;0.5;0.6
15;5;0.5;0.6
15;6;0.5;0.6
15;7;0.5;0.6
15;8;0.5;0.6
15;9;0.5;0.6
15;10;0.5;0.6
15;11;0.5;0.6
15;12;0.5;0.6
15;13;0.5;0.6
15;14;0.5;0.6
15;15;0.5;0.6
15;16;0.5;0.6
15;17;0.5;0.6
15;18;0.5;0.6
15;19;0.5;0.6
15;20;0.5;0.6
15;21;0.5;0.6
15;22;0.5;0.6
15;23;0.5;0.6
15;24;0.5;0.6
9;25;0.5;0.6
9;26;0.5;0.6
9;27;0.5;0.6
9;28;0.5;0.6
9;29;0.5;0.6
9;30;0.5;0.6
9;31;0.5;0.6
9;32;0.5;0.6
9;33;0.5;0.6
9;34;0.5;0.6
9;35;0.5;0.6
9;36;0.5;0.6
9;37;0.5;0.6
9;38;0.5;0.6
9;39;0.5;0.6
9;40;0.5;0.6
9;41;0.5;0.6
9;42;0.5;0.6
9;43;0.5;0.6
9;44;0.5;0.6
9;45;0.5;0.6
9;46;0.5;0.6
9;47;0.5;0.6
9;48;0.5;0.6
9;49;0.5;0.6
9;50;0.5;0.6
9;51;0.5;0.6
9;52;0.5;0.6
9;53;0.5;0.6
9;54;0.5;0.6
9;55;0.5;0.6
9;56;0.5;0.6
9;57;0.5;0.6
9;58;0.5;0.6
9;59;0.5;0.6
9;60;0.5;0.6
9;61;0.5;0.6
9;62;0.5;0.6
9;63;0.5;0.6
9;64;0.5;0.6
8;65;0.5;0.6
8;66;0.5;0.6
8;67;0.5;0.6
8;68;0.5;0.6
7;69;0.5;0.6
7;70;0.5;0.6
7;71;0.5;0.6
7;72;0.5;0.6
7;73;0.5;0.6
7;74;0.5;0.6
7;75;0.5;0.6
7;76;0.5;0.6
7;77;0.5;0.6
7;78;0.5;0.6
7;79;0.5;0.6
7;80;0.5;0.6
7;81;0.5;0.6
7;82;0.5;0.6
7;83;0.5;0.6
7;84;0.5;0.6
7;85;0.5;0.6
7;86;0.5;0.6
7;87;0.5;0.6
7;88;0.5;0.6
7;89;0.5;0.6
7;90;0.5;0.6
7;91;0.5;0.6
7;92;0.5;0.6
7;93;0.5;0.6
7;94;0.5;0.6
7;95;0.5;0.6
7;96;0.5;0.6
7;97;0.5;0.6
7;98;0.5;0.6
7;99;0.5;0.6
7;100;0.5;0.6
7;101;0.5;0.6
7;102;0.5;0.6
7;103;0.5;0.6
7;104;0.5;0.6
7;105;0.5;0.6
7;106;0.5;0.6
7;107;0.5;0.6
7;108;0.5;0.6
7;109;0.5;0.6
7;110;0.5;0.6
7;111;0.5;0.6
7;112;0.5;0.6
6;113;0.5;0.6
6;114;0.5;0.6
6;115;0.5;0.6
6;116;0.5;0.6
6;117;0.5;0.6
6;118;0.5;0.6
6;119;0.5;0.6
6;120;0.5;0.6
6;121;0.5;0.6
6;122;0.5;0.6
6;123;0.5;0.6
6;124;0.5;0.6
6;125;0.5;0.6
6;126;0.5;0.6
6;127;0.5;0.6
6;128;0.5;0.6
6;129;0.5;0.6
6;130;0.5;0.6
6;131;0.5;0.6
6;132;0.5;0.6
6;133;0.5;0.6
6;134;0.5;0.6
6;135;0.5;0.6
6;136;0.5;0.6
6;137;0.5;0.6
6;138;0.5;0.6
6;139;0.5;0.6
6;140;0.5;0.6
6;141;0.5;0.6
6;142;0.5;0.6
6;143;0.5;0.6
6;144;0.5;0.6
6;145;0.5;0.6
6;146;0.5;0.6
6;147;0.5;0.6
6;148;0.5;0.6
6;149;0.5;0.6
6;150;0.5;0.6
6;151;0.5;0.6
6;152;0.5;0.6
6;153;0.5;0.6
6;154;0.5;0.6
6;155;0.5;0.6
6;156;0.5;0.6
6;157;0.5;0.6
6;158;0.5;0.6
6;159;0.5;0.6
6;160;0.5;0.6
6;161;0.5;0.6
6;162;0.5;0.6
6;163;0.5;0.6
6;164;0.5;0.6
6;165;0.5;0.6
6;166;0.5;0.6
6;167;0.5;0.6
6;168;0.5;0.6
6;169;0.5;0.6
6;170;0.5;0.6
6;171;0.5;0.6
6;172;0.5;0.6
6;173;0.5;0.6
6;174;0.5;0.6
6;175;0.5;0.6
6;176;0.5;0.6
6;177;0.5;0.6
6;178;0.5;0.6
6;179;0.5;0.6
6;180;0.5;0.6
6;181;0.5;0.6
6;182;0.5;0.6
6;183;0.5;0.6
6;184;0.5;0.6
6;185;0.5;0.6
6;186;0.5;0.6
6;187;0.5;0.6
6;188;0.5;0.6
6;189;0.5;0.6
6;190;0.5;0.6
6;191;0.5;0.6
6;192;0.5;0.6
6;193;0.5;0.6
6;194;0.5;0.6
6;195;0.5;0.6
6;196;0.5;0.6
6;197;0.5;0.6
6;198;0.5;0.6
6;199;0.5;0.6
6;200;0.5;0.6
6;201;0.5;0.6
